date,resting_hr_bpm,avg_daily_stress,max_stress,stress_duration_min,body_battery_high,body_battery_low,steps,active_calories,floors_climbed,hrv_weekly_avg,hrv_last_night,hrv_5min_high,hrv_status,sleep_score,sleep_duration_hrs,deep_sleep_min,rem_sleep_min,light_sleep_min,awake_count,avg_spo2_pct,avg_respiration_rpm,weight_kg,resting_calories,total_calories,active_kj,body_battery_at_wakeup,avg_spo2_daily,vo2_max,training_readiness,fitness_age,avg_sleep_stress,avg_sleep_hr,bmi,body_fat_pct,body_water_pct,muscle_mass_kg,bone_mass_kg,physique_rating,visceral_fat,metabolic_age,weight_source
2026-01-03,47.0,34.0,87.0,403.0,96.0,17.0,5646.0,3659.0,2.1565,32.0,35.0,54.0,UNBALANCED,82.0,6.83,96.0,73.0,241.0,0.0,,15.0,,1971.0,5630.0,15309.0,50.0,,,1.0,,14.0,50.0,,,,,,,,,
2026-01-04,49.0,30.0,100.0,433.0,69.0,19.0,6813.0,3043.0,2.45472,33.0,31.0,44.0,UNBALANCED,76.0,6.53,108.0,70.0,214.0,0.0,,16.0,,1971.0,5014.0,12732.0,46.0,,,1.0,,22.0,54.0,,,,,,,,,
2026-01-05,50.0,16.0,78.0,66.0,78.0,33.0,8128.0,168.0,9.52395,32.0,31.0,46.0,UNBALANCED,87.0,8.48,108.0,128.0,273.0,0.0,,16.0,,1971.0,2139.0,703.0,56.0,,,1.0,,20.0,53.0,,,,,,,,,
2026-01-06,48.0,23.0,86.0,366.0,96.0,32.0,8096.0,1292.0,14.25492,33.0,36.0,64.0,BALANCED,79.0,6.2,82.0,89.0,201.0,0.0,,15.0,,1971.0,3263.0,5406.0,42.0,,,25.0,,15.0,51.0,,,,,,,,,
2026-01-07,50.0,21.0,95.0,252.0,69.0,29.0,7820.0,1100.0,14.0,34.0,33.0,56.0,BALANCED,68.0,5.15,80.0,76.0,153.0,0.0,,16.0,,1971.0,3071.0,4602.0,34.0,,59.4,29.0,,21.0,54.0,,,,,,,,,
2026-01-08,46.0,20.0,91.0,188.0,84.0,38.0,9878.0,227.0,9.3376,33.0,33.0,78.0,BALANCED,90.0,7.65,133.0,116.0,210.0,0.0,,15.0,,1971.0,2198.0,950.0,55.0,,,67.0,,19.0,50.0,,,,,,,,,
2026-01-09,46.0,21.0,79.0,215.0,91.0,40.0,8165.0,163.0,11.4311,34.0,36.0,55.0,BALANCED,87.0,8.38,104.0,143.0,256.0,2.0,,15.0,,1971.0,2134.0,682.0,53.0,,,83.0,,17.0,49.0,,,,,,,,,
2026-01-10,47.0,36.0,87.0,561.0,80.0,10.0,7114.0,3299.0,0.69948,34.0,35.0,56.0,BALANCED,73.0,5.73,115.0,72.0,157.0,0.0,,15.0,,1971.0,5270.0,13803.0,39.0,,59.3,70.0,,18.0,51.0,,,,,,,,,
2026-01-11,51.0,30.0,97.0,462.0,51.0,11.0,16213.0,1987.0,11.49902,33.0,30.0,48.0,BALANCED,71.0,6.58,95.0,85.0,215.0,1.0,,17.0,,1971.0,3958.0,8314.0,37.0,,59.7,50.0,,28.0,56.0,,,,,,,,,
2026-01-12,50.0,21.0,90.0,239.0,68.0,20.0,7945.0,190.0,6.60072,34.0,33.0,51.0,BALANCED,84.0,7.48,104.0,85.0,260.0,0.0,,16.0,,1971.0,2161.0,795.0,53.0,,,69.0,,21.0,54.0,,,,,,,,,
2026-01-13,49.0,25.0,93.0,384.0,75.0,26.0,6897.0,1305.0,8.76837,33.0,34.0,52.0,BALANCED,73.0,5.85,58.0,77.0,216.0,0.0,,15.0,,1971.0,3276.0,5460.0,37.0,,59.6,26.0,,20.0,53.0,,,,,,,,,
2026-01-14,49.0,23.0,79.0,307.0,68.0,28.0,6219.0,1206.0,10.20276,33.0,33.0,48.0,BALANCED,72.0,5.76,75.0,92.0,179.0,0.0,,15.0,,1971.0,3177.0,5046.0,40.0,,59.6,35.0,,22.0,52.0,,,,,,,,,
2026-01-15,46.0,26.0,96.0,340.0,79.0,26.0,9175.0,1161.0,12.58104,33.0,34.0,57.0,BALANCED,75.0,6.1,107.0,72.0,187.0,0.0,,16.0,,1971.0,3132.0,4858.0,46.0,,59.6,6.0,,19.0,51.0,,,,,,,,,
2026-01-16,49.0,23.0,83.0,359.0,70.0,31.0,12507.0,265.0,11.62139,33.0,34.0,65.0,BALANCED,70.0,7.28,101.0,56.0,280.0,2.0,,16.0,,1971.0,2236.0,1109.0,38.0,,,28.0,,23.0,54.0,,,,,,,,,
2026-01-17,47.0,22.0,91.0,225.0,77.0,23.0,6191.0,1548.0,3.01772,33.0,36.0,55.0,BALANCED,76.0,6.02,85.0,106.0,170.0,0.0,,15.0,,1971.0,3519.0,6477.0,43.0,,59.7,54.0,,20.0,52.0,,,,,,,,,
2026-01-18,45.0,29.0,90.0,253.0,75.0,11.0,2514.0,3977.0,0.0,35.0,39.0,61.0,BALANCED,70.0,5.35,78.0,95.0,148.0,0.0,,15.0,,1971.0,5948.0,16640.0,47.0,,60.0,40.0,,16.0,49.0,,,,,,,,,
2026-01-19,48.0,19.0,72.0,158.0,72.0,29.0,8161.0,220.0,9.05479,35.0,33.0,53.0,BALANCED,88.0,8.57,107.0,134.0,273.0,1.0,,16.0,,1971.0,2191.0,920.0,61.0,,,75.0,,20.0,52.0,,,,,,,,,
2026-01-20,47.0,27.0,92.0,415.0,80.0,25.0,9541.0,1730.0,13.32546,34.0,32.0,45.0,BALANCED,67.0,5.12,85.0,75.0,147.0,0.0,,15.0,,1971.0,3701.0,7238.0,36.0,,60.0,14.0,,19.0,51.0,,,,,,,,,
2026-01-21,49.0,21.0,77.0,256.0,73.0,34.0,6816.0,1008.0,15.0,34.0,29.0,64.0,BALANCED,80.0,6.75,111.0,99.0,195.0,0.0,,15.0,,1971.0,2979.0,4217.0,46.0,,,25.0,,22.0,52.0,,,,,,,,,
2026-01-22,46.0,23.0,81.0,300.0,84.0,29.0,8235.0,1026.0,8.43274,34.0,35.0,59.0,BALANCED,77.0,6.15,87.0,68.0,214.0,0.0,,15.0,,1971.0,2997.0,4293.0,49.0,,60.1,57.0,,17.0,49.0,,,,,,,,,
2026-01-23,47.0,20.0,91.0,155.0,83.0,38.0,11519.0,249.0,13.63058,34.0,34.0,63.0,BALANCED,91.0,8.4,99.0,136.0,269.0,0.0,,15.0,,1971.0,2220.0,1042.0,53.0,,,89.0,,19.0,51.0,,,,,,,,,
2026-01-24,45.0,31.0,93.0,357.0,89.0,15.0,5912.0,3716.0,0.0,34.0,37.0,61.0,BALANCED,83.0,7.02,108.0,90.0,223.0,0.0,,15.0,,1971.0,5687.0,15548.0,50.0,,59.9,18.0,,17.0,49.0,,,,,,,,,
2026-01-25,49.0,35.0,93.0,425.0,63.0,10.0,5123.0,2876.0,1.58301,33.0,32.0,51.0,BALANCED,82.0,7.67,100.0,67.0,293.0,0.0,,17.0,,1971.0,4847.0,12033.0,47.0,,60.0,13.0,,22.0,54.0,,,,,,,,,
2026-01-26,50.0,22.0,79.0,295.0,57.0,26.0,8168.0,176.0,7.70013,33.0,29.0,47.0,BALANCED,82.0,8.73,111.0,141.0,272.0,2.0,,16.0,,1971.0,2147.0,736.0,44.0,,,26.0,,24.0,54.0,,,,,,,,,
2026-01-27,48.0,28.0,93.0,470.0,79.0,26.0,5798.0,1578.0,2.2874,32.0,32.0,56.0,BALANCED,81.0,6.8,82.0,104.0,222.0,0.0,,16.0,,1971.0,3549.0,6602.0,39.0,,60.0,11.0,,20.0,52.0,,,,,,,,,
2026-01-28,48.0,24.0,81.0,296.0,71.0,26.0,7499.0,1004.0,1.36877,33.0,34.0,58.0,BALANCED,70.0,5.68,105.0,55.0,181.0,0.0,,16.0,,1971.0,2975.0,4201.0,45.0,,,25.0,,23.0,52.0,,,,,,,,,
2026-01-29,47.0,27.0,90.0,431.0,76.0,25.0,8836.0,1234.0,6.33891,33.0,37.0,56.0,BALANCED,71.0,5.6,102.0,74.0,160.0,0.0,,15.0,,1971.0,3205.0,5163.0,43.0,,60.3,25.0,,22.0,51.0,,,,,,,,,
2026-01-30,49.0,26.0,95.0,283.0,66.0,23.0,19971.0,1059.0,14.4334,33.0,33.0,38.0,BALANCED,70.0,5.67,112.0,112.0,116.0,0.0,,16.0,,1971.0,3030.0,4431.0,36.0,,,25.0,,23.0,53.0,,,,,,,,,
2026-01-31,46.0,33.0,99.0,496.0,79.0,11.0,4847.0,3514.0,0.0,33.0,36.0,50.0,BALANCED,76.0,6.27,102.0,61.0,213.0,0.0,,16.0,,1971.0,5485.0,14703.0,56.0,,60.3,1.0,,18.0,51.0,,,,,,,,,
2026-02-01,48.0,27.0,82.0,452.0,61.0,20.0,7733.0,1382.0,0.72343,33.0,30.0,51.0,BALANCED,83.0,8.37,99.0,105.0,298.0,0.0,,16.0,75.0,2008.0,3390.0,5782.0,48.0,,60.3,8.0,,23.0,54.0,,,,,,,,,
2026-02-02,48.0,22.0,87.0,281.0,79.0,32.0,8301.0,228.0,11.77625,34.0,34.0,64.0,BALANCED,88.0,8.87,90.0,126.0,316.0,1.0,,15.0,,2008.0,2236.0,954.0,57.0,,,51.0,,19.0,52.0,,,,,,,,,
2026-02-03,48.0,28.0,100.0,435.0,76.0,26.0,6977.0,1341.0,7.38615,34.0,31.0,50.0,BALANCED,69.0,5.28,97.0,70.0,150.0,0.0,,15.0,,2008.0,3349.0,5611.0,36.0,,60.3,13.0,,19.0,51.0,,,,,,,,,
2026-02-04,48.0,23.0,76.0,257.0,67.0,24.0,6217.0,819.0,0.72736,33.0,31.0,48.0,BALANCED,69.0,5.48,94.0,57.0,178.0,1.0,,16.0,76.8,2030.0,2849.0,3427.0,41.0,,,25.0,,21.0,52.0,,,,,,,,,
2026-02-05,49.0,18.0,86.0,114.0,73.0,34.0,8877.0,212.0,11.59449,33.0,34.0,48.0,BALANCED,71.0,5.53,67.0,68.0,197.0,0.0,,16.0,76.2,2022.0,2234.0,887.0,43.0,,,26.0,,19.0,52.0,,,,,,,,,
2026-02-06,46.0,21.0,97.0,253.0,89.0,31.0,6060.0,175.0,0.0,33.0,38.0,65.0,BALANCED,81.0,6.7,98.0,105.0,199.0,1.0,,15.0,,2022.0,2197.0,732.0,52.0,,,67.0,,16.0,50.0,,,,,,,,,
2026-02-07,45.0,31.0,98.0,400.0,85.0,14.0,4800.0,3439.0,0.65879,34.0,37.0,65.0,BALANCED,84.0,7.15,121.0,92.0,216.0,0.0,,15.0,,2022.0,5461.0,14389.0,54.0,,60.0,18.0,,18.0,49.0,,,,,,,,,
2026-02-08,49.0,29.0,92.0,298.0,65.0,12.0,3177.0,2327.0,0.0,34.0,33.0,49.0,BALANCED,80.0,7.2,133.0,65.0,234.0,0.0,,16.0,74.6,2022.0,4349.0,9736.0,51.0,,59.9,28.0,,21.0,53.0,,,,,,,,,
2026-02-09,48.0,22.0,82.0,248.0,68.0,27.0,11521.0,312.0,10.30512,34.0,32.0,57.0,BALANCED,81.0,8.2,82.0,111.0,299.0,2.0,,15.0,,2003.0,2315.0,1305.0,55.0,,,52.0,,22.0,53.0,,,,,,,,,
2026-02-10,49.0,30.0,97.0,572.0,80.0,23.0,10091.0,1420.0,11.36877,34.0,30.0,43.0,BALANCED,82.0,7.22,71.0,103.0,259.0,0.0,,15.0,,2003.0,3423.0,5941.0,41.0,,,79.0,,21.0,53.0,,,,,,,,,
2026-02-11,52.0,23.0,72.0,266.0,67.0,29.0,8411.0,833.0,12.56594,33.0,29.0,45.0,BALANCED,73.0,6.67,82.0,60.0,258.0,0.0,,16.0,,2003.0,2836.0,3485.0,40.0,,,75.0,,26.0,55.0,,,,,,,,,
2026-02-12,50.0,26.0,96.0,348.0,67.0,25.0,8633.0,1098.0,9.7979,33.0,30.0,52.0,BALANCED,67.0,5.22,117.0,74.0,122.0,0.0,,16.0,,2003.0,3101.0,4594.0,34.0,,59.9,3.0,,22.0,54.0,,,,,,,,,
2026-02-13,49.0,22.0,79.0,212.0,70.0,31.0,8066.0,480.0,5.6273,31.0,29.0,45.0,UNBALANCED,80.0,7.15,125.0,86.0,218.0,0.0,,16.0,,2003.0,2483.0,2008.0,42.0,,,32.0,,23.0,54.0,,,,,,,,,
2026-02-14,46.0,31.0,89.0,394.0,81.0,26.0,4699.0,3354.0,2.53642,31.0,33.0,54.0,UNBALANCED,79.0,6.68,86.0,85.0,230.0,0.0,,16.0,,2003.0,5357.0,14033.0,50.0,,60.0,3.0,,19.0,51.0,,,,,,,,,
2026-02-15,51.0,24.0,82.0,203.0,76.0,26.0,6295.0,1996.0,0.70571,31.0,31.0,47.0,LOW,86.0,8.7,96.0,131.0,295.0,0.0,,16.0,,2003.0,3999.0,8351.0,48.0,,60.0,5.0,,22.0,54.0,,,,,,,,,
2026-02-16,48.0,20.0,87.0,218.0,87.0,41.0,9823.0,258.0,13.0,31.0,38.0,67.0,UNBALANCED,92.0,7.92,114.0,118.0,243.0,0.0,,16.0,,2003.0,2261.0,1079.0,61.0,,,51.0,,16.0,53.0,,,,,,,,,
2026-02-17,48.0,33.0,91.0,490.0,78.0,13.0,6050.0,2026.0,1.57579,31.0,30.0,44.0,UNBALANCED,79.0,6.82,72.0,85.0,252.0,0.0,,16.0,,2003.0,4029.0,8477.0,36.0,,60.1,53.0,,21.0,53.0,,,,,,,,,
2026-02-18,51.0,29.0,84.0,296.0,57.0,7.0,14204.0,2946.0,3.01509,32.0,31.0,48.0,UNBALANCED,73.0,6.53,89.0,45.0,258.0,0.0,,17.0,76.6,2027.0,4973.0,12326.0,39.0,,60.3,50.0,,25.0,55.0,,,,,,,,,
2026-02-19,50.0,22.0,69.0,213.0,52.0,23.0,7543.0,1066.0,9.06037,31.0,27.0,43.0,UNBALANCED,82.0,7.17,151.0,87.0,192.0,0.0,,17.0,,2027.0,3093.0,4460.0,40.0,,60.3,54.0,,23.0,55.0,,,,,,,,,
2026-02-20,47.0,18.0,82.0,185.0,87.0,40.0,8593.0,174.0,6.45768,32.0,35.0,62.0,BALANCED,92.0,8.08,109.0,139.0,237.0,0.0,,15.0,,2027.0,2201.0,728.0,63.0,,,81.0,,16.0,51.0,,,,,,,,,
2026-02-21,47.0,28.0,93.0,304.0,89.0,22.0,16731.0,3759.0,7.0,32.0,35.0,57.0,BALANCED,82.0,6.88,103.0,84.0,226.0,0.0,,15.0,74.5,2002.0,5761.0,15728.0,45.0,,60.3,21.0,,17.0,50.0,,,,,,,,,
2026-02-22,48.0,28.0,86.0,376.0,75.0,19.0,2753.0,2163.0,0.0,33.0,35.0,51.0,BALANCED,83.0,7.5,102.0,60.0,288.0,0.0,,16.0,,2002.0,4165.0,9050.0,52.0,,60.3,16.0,,19.0,52.0,,,,,,,,,
2026-02-23,49.0,22.0,95.0,266.0,76.0,32.0,8160.0,191.0,16.57185,32.0,34.0,55.0,BALANCED,83.0,7.47,77.0,91.0,280.0,1.0,,15.0,75.4,2013.0,2204.0,799.0,56.0,,,25.0,,18.0,52.0,,,,,,,,,
2026-02-24,49.0,24.0,81.0,392.0,72.0,29.0,7289.0,203.0,14.104,33.0,35.0,47.0,BALANCED,69.0,5.4,66.0,62.0,196.0,0.0,,16.0,,2013.0,2216.0,849.0,39.0,,,50.0,,20.0,53.0,,,,,,,,,
2026-02-25,49.0,27.0,81.0,381.0,68.0,25.0,7072.0,2176.0,13.59121,33.0,33.0,46.0,BALANCED,64.0,5.0,88.0,63.0,149.0,0.0,,16.0,,2013.0,4189.0,9104.0,34.0,,60.6,50.0,,23.0,54.0,,,,,,,,,
2026-02-26,49.0,25.0,92.0,368.0,71.0,32.0,9290.0,254.0,12.0,34.0,34.0,63.0,BALANCED,79.0,7.38,77.0,106.0,260.0,2.0,,16.0,,2013.0,2267.0,1063.0,42.0,,,50.0,,21.0,54.0,,,,,,,,,
2026-02-27,47.0,23.0,94.0,360.0,87.0,32.0,8618.0,196.0,10.29856,34.0,34.0,63.0,BALANCED,86.0,7.4,72.0,110.0,262.0,0.0,,15.0,,2013.0,2209.0,820.0,48.0,,,88.0,,18.0,51.0,,,,,,,,,
2026-02-28,48.0,36.0,94.0,509.0,75.0,9.0,20727.0,3039.0,7.0,34.0,32.0,50.0,BALANCED,77.0,6.9,79.0,57.0,278.0,0.0,,16.0,74.2,1998.0,5037.0,12715.0,42.0,,60.3,53.0,,21.0,53.0,,,,,,,,,
2026-03-01,52.0,35.0,96.0,470.0,56.0,9.0,14932.0,3259.0,2.32874,33.0,31.0,61.0,BALANCED,86.0,8.15,97.0,134.0,258.0,0.0,,17.0,,1998.0,5257.0,13636.0,45.0,,60.4,17.0,,23.0,56.0,,,,,,,,,
2026-03-02,51.0,21.0,81.0,221.0,61.0,21.0,9917.0,334.0,12.62172,33.0,31.0,44.0,BALANCED,85.0,7.9,82.0,100.0,292.0,0.0,,16.0,,1998.0,2332.0,1397.0,44.0,,,25.0,,22.0,55.0,,,,,,,,,
2026-03-03,48.0,31.0,87.0,507.0,83.0,16.0,19646.0,2109.0,5.01575,33.0,32.0,44.0,BALANCED,77.0,6.13,113.0,86.0,169.0,0.0,,16.0,75.0,2008.0,4117.0,8824.0,36.0,,60.3,13.0,,19.0,52.0,,,,,,,,,
2026-03-04,49.0,21.0,84.0,205.0,65.0,29.0,8839.0,224.0,11.0,32.0,33.0,76.0,BALANCED,81.0,7.63,108.0,88.0,262.0,1.0,,16.0,,2008.0,2232.0,937.0,45.0,,,25.0,,23.0,55.0,,,,,,,,,
2026-03-05,47.0,26.0,84.0,388.0,89.0,26.0,6263.0,1046.0,6.30873,33.0,39.0,77.0,BALANCED,80.0,6.27,73.0,104.0,199.0,0.0,,14.0,,2008.0,3054.0,4376.0,47.0,,60.7,56.0,,15.0,50.0,,,,,,,,,
2026-03-06,49.0,25.0,77.0,385.0,73.0,26.0,8219.0,187.0,9.62106,33.0,,,BALANCED,,0.0,0.0,0.0,0.0,,,,,2008.0,2195.0,782.0,,,,59.0,,,,,,,,,,,,
2026-03-07,47.0,27.0,99.0,330.0,88.0,24.0,8822.0,1876.0,0.0,34.0,37.0,84.0,BALANCED,92.0,8.55,114.0,137.0,262.0,0.0,,15.0,,2008.0,3884.0,7849.0,60.0,,,65.0,,17.0,51.0,,,,,,,,,
2026-03-08,47.0,31.0,97.0,417.0,84.0,28.0,7510.0,2519.0,0.67192,34.0,35.0,58.0,BALANCED,83.0,8.7,135.0,80.0,307.0,2.0,,15.0,,2008.0,4527.0,10539.0,59.0,,,51.0,,18.0,51.0,,,,,,,,,
2026-03-09,51.0,24.0,85.0,356.0,70.0,35.0,9418.0,224.0,6.0,34.0,31.0,51.0,BALANCED,78.0,7.55,86.0,55.0,312.0,0.0,,16.0,,2008.0,2232.0,937.0,40.0,,,55.0,,24.0,55.0,,,,,,,,,
2026-03-10,48.0,28.0,93.0,464.0,73.0,24.0,9135.0,1362.0,9.51444,34.0,30.0,44.0,BALANCED,67.0,5.33,68.0,48.0,204.0,0.0,,15.0,,2008.0,3370.0,5699.0,37.0,,,25.0,,21.0,53.0,,,,,,,,,
2026-03-11,51.0,25.0,82.0,346.0,67.0,28.0,7349.0,1095.0,9.47375,33.0,28.0,46.0,BALANCED,77.0,6.72,128.0,80.0,195.0,0.0,,16.0,75.3,2011.0,3106.0,4581.0,41.0,,,50.0,,24.0,54.0,,,,,,,,,
2026-03-12,48.0,27.0,88.0,439.0,77.0,23.0,7553.0,942.0,15.65945,32.0,32.0,53.0,BALANCED,81.0,7.05,104.0,98.0,221.0,0.0,,16.0,,2011.0,2953.0,3941.0,47.0,,,25.0,,21.0,52.0,,,,,,,,,
2026-03-13,50.0,27.0,90.0,389.0,63.0,20.0,9641.0,1678.0,17.2664,32.0,33.0,41.0,BALANCED,67.0,5.32,115.0,65.0,139.0,0.0,,16.0,74.8,2005.0,3683.0,7021.0,37.0,,,50.0,,22.0,54.0,,,,,,,,,
2026-03-14,49.0,38.0,96.0,600.0,70.0,5.0,6043.0,2733.0,1.0,32.0,37.0,89.0,BALANCED,78.0,6.78,109.0,70.0,228.0,0.0,,15.0,,2005.0,4738.0,11435.0,49.0,,,1.0,,22.0,52.0,,,,,,,,,
2026-03-15,52.0,35.0,94.0,660.0,41.0,7.0,5771.0,2561.0,0.0,32.0,30.0,47.0,UNBALANCED,68.0,5.65,116.0,47.0,176.0,0.0,,17.0,,2005.0,4566.0,10715.0,36.0,,,1.0,,24.0,55.0,,,,,,,,,
2026-03-16,52.0,23.0,63.0,345.0,48.0,10.0,7561.0,223.0,13.37795,32.0,31.0,42.0,UNBALANCED,82.0,7.4,91.0,115.0,238.0,0.0,,16.0,,2005.0,2228.0,933.0,41.0,,,1.0,,24.0,56.0,,,,,,,,,
2026-03-17,51.0,32.0,95.0,618.0,66.0,15.0,8599.0,1244.0,9.02953,32.0,35.0,43.0,BALANCED,60.0,4.62,92.0,53.0,132.0,0.0,,16.0,,2005.0,3249.0,5205.0,32.0,,,25.0,,21.0,54.0,,,,,,,,,
2026-03-18,52.0,26.0,88.0,444.0,54.0,20.0,8288.0,1125.0,11.12402,32.0,29.0,63.0,BALANCED,75.0,6.77,88.0,71.0,247.0,0.0,,17.0,,2005.0,3130.0,4707.0,38.0,,,50.0,,25.0,56.0,,,,,,,,,
2026-03-19,51.0,26.0,99.0,420.0,68.0,27.0,7821.0,264.0,10.22835,32.0,33.0,47.0,BALANCED,81.0,7.67,77.0,91.0,292.0,1.0,,16.0,,2005.0,2269.0,1105.0,47.0,,,68.0,,22.0,54.0,,,,,,,,,
2026-03-20,49.0,27.0,81.0,353.0,64.0,26.0,8709.0,3796.0,14.53379,33.0,38.0,74.0,BALANCED,67.0,4.83,109.0,31.0,150.0,0.0,,16.0,,2005.0,5801.0,15882.0,34.0,,,77.0,,21.0,54.0,,,,,,,,,
2026-03-21,55.0,37.0,98.0,702.0,83.0,32.0,7497.0,5659.0,0.0,31.0,26.0,42.0,UNBALANCED,51.0,5.07,91.0,15.0,198.0,0.0,,17.0,,2005.0,7664.0,23677.0,-13.0,,,1.0,,34.0,61.0,,,,,,,,,
2026-03-22,50.0,23.0,62.0,276.0,66.0,30.0,1166.0,25.0,0.0,31.0,30.0,53.0,UNBALANCED,82.0,8.57,127.0,147.0,240.0,1.0,,17.0,,2005.0,2030.0,105.0,32.0,,,25.0,,25.0,56.0,,,,,,,,,
2026-03-23,48.0,24.0,97.0,444.0,83.0,27.0,9428.0,271.0,7.53117,33.0,47.0,78.0,BALANCED,80.0,6.5,117.0,71.0,202.0,0.0,,15.0,,2005.0,2276.0,1134.0,52.0,,,75.0,,15.0,53.0,,,,,,,,,
2026-03-24,50.0,37.0,95.0,790.0,65.0,7.0,7765.0,1345.0,8.0,34.0,38.0,83.0,BALANCED,69.0,5.6,81.0,51.0,204.0,0.0,,16.0,,2005.0,3350.0,5627.0,36.0,,,50.0,,22.0,54.0,,,,,,,,,
2026-03-25,51.0,25.0,99.0,398.0,48.0,9.0,10223.0,283.0,11.19062,34.0,31.0,46.0,BALANCED,70.0,5.8,82.0,57.0,209.0,0.0,,16.0,,2005.0,2288.0,1184.0,38.0,,,57.0,,23.0,55.0,,,,,,,,,
2026-03-26,51.0,35.0,90.0,714.0,61.0,8.0,9323.0,1291.0,11.64009,35.0,38.0,74.0,BALANCED,60.0,4.68,77.0,92.0,112.0,0.0,,16.0,,2005.0,3296.0,5402.0,35.0,,,25.0,,20.0,54.0,,,,,,,,,
2026-03-27,52.0,34.0,96.0,771.0,44.0,5.0,11757.0,388.0,10.19751,34.0,34.0,66.0,BALANCED,57.0,4.63,134.0,25.0,119.0,0.0,,16.0,,2005.0,2393.0,1623.0,33.0,,,25.0,,24.0,57.0,,,,,,,,,
2026-03-28,52.0,41.0,97.0,601.0,44.0,5.0,5502.0,2754.0,0.73163,35.0,31.0,44.0,BALANCED,68.0,6.55,107.0,67.0,219.0,1.0,,17.0,,2005.0,4759.0,11523.0,38.0,,,2.0,,31.0,58.0,,,,,,,,,
2026-03-29,54.0,32.0,94.0,572.0,32.0,5.0,5655.0,2606.0,0.0,35.0,27.0,48.0,BALANCED,71.0,6.32,80.0,59.0,240.0,0.0,,17.0,,2005.0,4611.0,10904.0,27.0,,,3.0,,27.0,58.0,,,,,,,,,
2026-03-30,53.0,24.0,94.0,380.0,52.0,8.0,10172.0,252.0,14.75262,33.0,31.0,45.0,BALANCED,85.0,7.87,79.0,118.0,275.0,0.0,,16.0,,2005.0,2257.0,1054.0,45.0,,,26.0,,23.0,56.0,,,,,,,,,
2026-03-31,50.0,30.0,96.0,532.0,71.0,22.0,8358.0,1334.0,11.22178,32.0,32.0,42.0,BALANCED,76.0,6.28,97.0,82.0,198.0,0.0,,16.0,,2005.0,3339.0,5581.0,41.0,,,6.0,,21.0,54.0,,,,,,,,,
2026-04-01,53.0,20.0,70.0,158.0,69.0,36.0,8738.0,199.0,10.79167,31.0,29.0,39.0,BALANCED,75.0,6.77,108.0,65.0,233.0,0.0,,17.0,,2005.0,2204.0,833.0,43.0,,,25.0,,25.0,57.0,,,,,,,,,
2026-04-02,49.0,25.0,90.0,371.0,82.0,26.0,9709.0,1007.0,6.0,31.0,33.0,48.0,UNBALANCED,78.0,6.27,105.0,86.0,185.0,0.0,,16.0,,2005.0,3012.0,4213.0,41.0,,,50.0,,18.0,54.0,,,,,,,,,
2026-04-03,49.0,28.0,100.0,434.0,81.0,18.0,9055.0,2002.0,1.53904,31.0,35.0,50.0,UNBALANCED,78.0,6.52,120.0,56.0,215.0,0.0,,16.0,77.0,2032.0,4034.0,8376.0,53.0,,60.5,50.0,20.0,18.0,52.0,,,,,,,,,
2026-04-04,49.0,31.0,87.0,472.0,71.0,15.0,3843.0,3011.0,0.0,31.0,35.0,42.0,BALANCED,81.0,6.72,103.0,111.0,189.0,0.0,,16.0,,2032.0,5043.0,12598.0,53.0,,60.4,3.0,20.0,20.0,54.0,,,,,,,,,
2026-04-05,51.0,24.0,90.0,250.0,73.0,31.0,5827.0,1491.0,5.5561,32.0,28.0,46.0,BALANCED,72.0,8.42,88.0,100.0,317.0,3.0,,17.0,75.9,2019.0,3510.0,6238.0,56.0,,60.4,25.0,20.0,21.0,56.0,,,,,,,,,
2026-04-06,49.0,18.0,96.0,140.0,95.0,45.0,7487.0,229.0,2.74902,32.0,36.0,66.0,BALANCED,84.0,9.07,45.0,135.0,364.0,1.0,,15.0,,2019.0,2248.0,958.0,64.0,,,56.0,,15.0,53.0,,,,,,,,,
2026-04-07,49.0,18.0,93.0,103.0,97.0,52.0,7404.0,271.0,12.0,33.0,36.0,58.0,BALANCED,85.0,8.85,68.0,150.0,313.0,1.0,,15.0,,2019.0,2290.0,1134.0,47.0,,,83.0,,17.0,53.0,,,,,,,,,
2026-04-08,49.0,19.0,75.0,77.0,92.0,18.0,361.0,861.0,0.0,33.0,32.0,46.0,BALANCED,82.0,6.85,105.0,97.0,209.0,0.0,,15.0,,2019.0,2880.0,3602.0,39.0,,60.7,50.0,20.0,17.0,51.0,,,,,,,,,
2026-04-09,49.0,27.0,92.0,382.0,73.0,28.0,9147.0,1136.0,11.4042,34.0,34.0,50.0,BALANCED,80.0,6.97,74.0,72.0,272.0,0.0,,16.0,,2019.0,3155.0,4753.0,55.0,,60.8,26.0,20.0,18.0,51.0,,,,,,,,,
2026-04-10,50.0,26.0,99.0,422.0,71.0,17.0,11284.0,385.0,17.35827,34.0,37.0,44.0,BALANCED,65.0,5.05,71.0,63.0,169.0,0.0,,16.0,,2019.0,2404.0,1611.0,37.0,,,50.0,,20.0,54.0,,,,,,,,,
2026-04-11,49.0,34.0,98.0,561.0,71.0,18.0,7313.0,2533.0,0.0,34.0,35.0,79.0,BALANCED,78.0,6.8,104.0,56.0,248.0,0.0,,16.0,,2019.0,4552.0,10598.0,54.0,,60.7,6.0,20.0,20.0,54.0,,,,,,,,,
2026-04-12,50.0,27.0,98.0,363.0,72.0,28.0,7826.0,1684.0,0.66962,35.0,32.0,63.0,BALANCED,84.0,9.47,87.0,160.0,321.0,0.0,,16.0,76.9,2031.0,3715.0,7046.0,54.0,92.0,60.8,50.0,20.0,23.0,55.0,,,,,,,,,
2026-04-13,47.0,18.0,84.0,175.0,94.0,45.0,7652.0,226.0,10.07283,35.0,41.0,122.0,BALANCED,88.0,8.22,58.0,142.0,293.0,0.0,96.0,15.0,,2031.0,2257.0,946.0,66.0,96.0,,75.0,,16.0,51.0,,,,,,,,,
2026-04-14,48.0,27.0,96.0,439.0,82.0,27.0,10287.0,1352.0,13.0794,35.0,33.0,56.0,BALANCED,73.0,6.3,74.0,74.0,230.0,2.0,97.0,15.0,77.8,2042.0,3394.0,5657.0,37.0,96.0,60.8,50.0,20.0,19.0,52.0,,,,,,,,,
2026-04-15,52.0,45.0,98.0,539.0,69.0,5.0,6200.0,1495.0,11.06332,35.0,31.0,46.0,BALANCED,77.0,6.63,72.0,110.0,216.0,0.0,97.0,16.0,73.9,1994.0,3489.0,6255.0,41.0,96.0,,62.0,,22.0,55.0,,,,,,,,,
2026-04-16,53.0,55.0,93.0,1262.0,16.0,5.0,2483.0,124.0,0.0,32.0,17.0,34.0,BALANCED,36.0,5.25,82.0,22.0,211.0,5.0,97.0,19.0,74.2,1998.0,2122.0,519.0,11.0,96.0,,25.0,,69.0,74.0,,,,,,,,,
2026-04-17,53.0,34.0,90.0,734.0,40.0,5.0,7620.0,588.0,1.43635,30.0,29.0,58.0,UNBALANCED,80.0,9.3,70.0,104.0,384.0,0.0,96.0,17.0,73.1,1984.0,2572.0,2460.0,34.0,95.0,,55.0,,23.0,58.0,23.3,23.2,56.1,30.7,4.0,,,,INDEX_SCALE
2026-04-18,54.0,35.0,93.0,738.0,39.0,7.0,3973.0,1370.0,0.0,29.0,26.0,58.0,LOW,59.0,7.03,56.0,45.0,321.0,2.0,97.0,18.0,73.6,1991.0,3361.0,5732.0,26.0,96.0,60.5,25.0,,36.0,64.0,23.5,21.6,57.2,30.9,4.1,,,,INDEX_SCALE
2026-04-19,50.0,22.0,89.0,336.0,55.0,23.0,5097.0,119.0,2.61483,29.0,27.0,46.0,LOW,80.0,10.32,98.0,102.0,419.0,0.0,97.0,17.0,,1991.0,2110.0,498.0,42.0,96.0,,56.0,,25.0,60.0,,,,,,,,,
2026-04-20,47.0,19.0,68.0,210.0,96.0,42.0,9743.0,203.0,6.45636,28.0,37.0,63.0,LOW,91.0,7.82,84.0,97.0,288.0,0.0,96.0,15.0,74.9,2006.0,2209.0,849.0,56.0,96.0,,83.0,,15.0,52.0,23.9,21.5,57.3,31.2,4.2,,,,INDEX_SCALE
2026-04-21,51.0,24.0,100.0,351.0,76.0,29.0,8916.0,1204.0,9.0,27.0,26.0,44.0,LOW,78.0,6.82,64.0,109.0,236.0,0.0,97.0,16.0,,2006.0,3210.0,5038.0,27.0,95.0,60.6,60.0,,23.0,56.0,,,,,,,,,
2026-04-22,49.0,22.0,77.0,295.0,82.0,31.0,8991.0,222.0,8.28018,28.0,37.0,71.0,LOW,82.0,7.12,62.0,130.0,235.0,0.0,96.0,15.0,,2006.0,2228.0,929.0,53.0,96.0,,75.0,,17.0,52.0,,,,,,,,,
2026-04-23,48.0,32.0,90.0,586.0,77.0,17.0,11636.0,1687.0,13.34514,30.0,32.0,55.0,UNBALANCED,80.0,7.02,98.0,93.0,230.0,1.0,98.0,16.0,76.1,2021.0,3708.0,7058.0,46.0,96.0,61.0,75.0,,20.0,53.0,24.3,21.6,57.2,31.5,4.3,,,,INDEX_SCALE
2026-04-24,49.0,32.0,84.0,682.0,64.0,10.0,14408.0,914.0,21.36253,31.0,31.0,62.0,BALANCED,78.0,7.32,75.0,73.0,291.0,0.0,97.0,16.0,,2105.0,3019.0,3824.0,45.0,96.0,61.0,75.0,,25.0,54.0,,,,,,,,,
2026-04-25,52.0,40.0,91.0,536.0,48.0,5.0,4323.0,2115.0,10.32021,31.0,32.0,46.0,BALANCED,64.0,5.0,64.0,61.0,175.0,0.0,97.0,16.0,,2021.0,4136.0,8849.0,37.0,97.0,60.7,1.0,,24.0,56.0,,,,,,,,,
2026-04-26,53.0,44.0,93.0,734.0,36.0,5.0,9278.0,2293.0,20.0,32.0,29.0,57.0,BALANCED,75.0,7.5,101.0,104.0,245.0,1.0,99.0,17.0,,1936.0,4229.0,9594.0,31.0,97.0,60.7,1.0,,29.0,58.0,,,,,,,,,
2026-04-27,54.0,27.0,78.0,475.0,32.0,5.0,10168.0,281.0,8.65387,31.0,29.0,46.0,BALANCED,63.0,6.15,63.0,24.0,282.0,1.0,98.0,17.0,77.2,2034.0,2315.0,1176.0,21.0,97.0,,1.0,,28.0,59.0,24.6,22.1,56.9,31.7,4.4,,,,INDEX_SCALE
2026-04-28,51.0,30.0,81.0,532.0,73.0,18.0,10291.0,1498.0,11.08563,32.0,33.0,52.0,BALANCED,86.0,7.6,115.0,87.0,254.0,0.0,97.0,16.0,77.6,2039.0,3537.0,6268.0,56.0,96.0,60.7,25.0,,19.0,55.0,24.8,22.4,56.6,31.8,4.4,,,,INDEX_SCALE
2026-04-29,52.0,31.0,97.0,546.0,64.0,15.0,8363.0,1388.0,6.4019,31.0,33.0,84.0,BALANCED,72.0,7.55,105.0,36.0,312.0,1.0,96.0,16.0,76.0,2020.0,3408.0,5807.0,46.0,96.0,60.6,50.0,,25.0,55.0,24.3,21.6,57.2,31.4,4.3,,,,INDEX_SCALE
2026-04-30,49.0,40.0,95.0,627.0,71.0,5.0,9733.0,1469.0,2.10728,32.0,36.0,53.0,BALANCED,80.0,7.12,113.0,75.0,239.0,0.0,98.0,16.0,76.7,2112.0,3581.0,6146.0,56.0,97.0,60.2,57.0,,21.0,53.0,24.5,,,,,,,,INDEX_SCALE
2026-05-01,50.0,33.0,87.0,485.0,58.0,9.0,7643.0,2182.0,0.0,32.0,34.0,68.0,BALANCED,85.0,8.07,107.0,119.0,258.0,0.0,99.0,16.0,,2028.0,4210.0,9129.0,53.0,98.0,60.4,52.0,,23.0,55.0,,,,,,,,,
2026-05-02,51.0,33.0,86.0,494.0,59.0,7.0,5924.0,2553.0,0.0,33.0,38.0,75.0,BALANCED,75.0,6.58,93.0,54.0,248.0,0.0,98.0,16.0,,2028.0,4581.0,10682.0,49.0,97.0,60.4,5.0,,21.0,55.0,,,,,,,,,
2026-05-03,53.0,41.0,93.0,597.0,51.0,5.0,5971.0,2521.0,0.0,33.0,33.0,61.0,BALANCED,77.0,7.12,41.0,101.0,285.0,0.0,98.0,16.0,,2028.0,4549.0,10548.0,44.0,97.0,60.4,4.0,,24.0,56.0,,,,,,,,,
2026-05-04,55.0,42.0,89.0,728.0,33.0,5.0,7995.0,2223.0,0.0,33.0,26.0,42.0,BALANCED,68.0,7.38,97.0,85.0,261.0,0.0,98.0,17.0,,2028.0,4251.0,9301.0,28.0,97.0,60.4,1.0,,34.0,60.0,,,,,,,,,
2026-05-05,55.0,39.0,95.0,805.0,28.0,5.0,10671.0,1172.0,5.30807,32.0,27.0,88.0,BALANCED,64.0,6.92,66.0,83.0,266.0,1.0,98.0,17.0,,2028.0,3200.0,4904.0,23.0,96.0,60.4,1.0,,35.0,60.0,,,,,,,,,
2026-05-06,48.0,49.0,99.0,850.0,12.0,5.0,9926.0,655.0,0.77264,30.0,19.0,20.0,UNBALANCED,16.0,1.88,17.0,0.0,96.0,0.0,98.0,20.0,,1943.0,2598.0,2741.0,0.0,95.0,,1.0,,56.0,76.0,,,,,,,,,
2026-05-07,54.0,28.0,71.0,553.0,51.0,12.0,8301.0,318.0,11.21818,29.0,32.0,47.0,UNBALANCED,85.0,9.95,110.0,133.0,354.0,1.0,97.0,17.0,77.4,2037.0,2355.0,1331.0,45.0,96.0,,1.0,,22.0,59.0,24.7,22.4,56.6,31.8,4.4,,,,INDEX_SCALE
2026-05-08,53.0,28.0,97.0,532.0,62.0,22.0,6872.0,890.0,9.0,28.0,28.0,40.0,UNBALANCED,79.0,7.13,113.0,103.0,212.0,2.0,98.0,17.0,,2037.0,2927.0,3724.0,41.0,96.0,60.0,35.0,20.0,22.0,56.0,,,,,,,,,
2026-05-09,51.0,38.0,98.0,677.0,62.0,5.0,12641.0,1083.0,2.65223,27.0,30.0,49.0,LOW,66.0,5.3,73.0,83.0,162.0,1.0,96.0,17.0,,2037.0,3120.0,4531.0,33.0,95.0,60.0,31.0,20.0,25.0,56.0,,,,,,,,,
2026-05-10,57.0,52.0,96.0,824.0,6.0,5.0,4080.0,2675.0,1.41831,27.0,30.0,46.0,LOW,22.0,2.97,43.0,0.0,135.0,1.0,98.0,17.0,,2037.0,4712.0,11192.0,0.0,96.0,59.7,1.0,20.0,54.0,67.0,,,,,,,,,
2026-05-11,53.0,30.0,83.0,831.0,29.0,6.0,3033.0,100.0,3.68438,27.0,29.0,73.0,LOW,70.0,8.08,136.0,72.0,277.0,0.0,96.0,17.0,,2037.0,2137.0,418.0,23.0,95.0,,25.0,,33.0,62.0,,,,,,,,,
2026-05-12,53.0,33.0,97.0,826.0,51.0,14.0,4617.0,137.0,0.0,27.0,27.0,47.0,LOW,85.0,7.93,99.0,115.0,262.0,0.0,96.0,17.0,,2037.0,2174.0,573.0,45.0,95.0,,57.0,,24.0,57.0,,,,,,,,,
2026-05-13,55.0,35.0,90.0,813.0,50.0,8.0,7230.0,284.0,0.71457,29.0,30.0,48.0,UNBALANCED,65.0,6.1,123.0,54.0,189.0,0.0,97.0,17.0,,2037.0,2321.0,1188.0,32.0,97.0,,71.0,,32.0,59.0,,,,,,,,,
2026-05-14,54.0,42.0,99.0,822.0,46.0,5.0,17568.0,1222.0,14.49934,29.0,29.0,42.0,UNBALANCED,65.0,6.52,84.0,39.0,268.0,0.0,99.0,17.0,,2037.0,3259.0,5113.0,36.0,97.0,59.2,30.0,,31.0,59.0,,,,,,,,,
2026-05-15,57.0,46.0,97.0,1027.0,8.0,5.0,10795.0,546.0,4.39272,28.0,23.0,47.0,UNBALANCED,31.0,3.67,61.0,8.0,151.0,2.0,97.0,18.0,,2037.0,2583.0,2284.0,3.0,96.0,,1.0,,59.0,70.0,,,,,,,,,
2026-05-16,53.0,33.0,97.0,605.0,40.0,6.0,12467.0,476.0,3.0,28.0,29.0,45.0,UNBALANCED,85.0,8.38,116.0,115.0,272.0,0.0,98.0,16.0,77.2,2034.0,2510.0,1992.0,32.0,97.0,,75.0,,24.0,57.0,24.6,22.7,56.4,31.7,4.3,,,,INDEX_SCALE
2026-05-17,52.0,38.0,99.0,567.0,58.0,7.0,10733.0,2781.0,4.06726,28.0,32.0,58.0,UNBALANCED,85.0,8.02,75.0,127.0,279.0,0.0,99.0,16.0,,2034.0,4815.0,11636.0,49.0,97.0,59.5,26.0,20.0,22.0,56.0,,,,,,,,,
2026-05-18,54.0,37.0,97.0,639.0,46.0,5.0,6215.0,1518.0,5.20243,29.0,33.0,89.0,UNBALANCED,71.0,6.85,52.0,65.0,294.0,0.0,97.0,17.0,75.1,2009.0,3527.0,6351.0,38.0,97.0,,28.0,,28.0,57.0,24.0,22.0,56.9,31.2,4.2,,,,INDEX_SCALE
2026-05-19,54.0,37.0,95.0,692.0,41.0,5.0,8111.0,1634.0,13.62467,29.0,30.0,44.0,BALANCED,59.0,5.0,51.0,75.0,174.0,0.0,98.0,16.0,,2009.0,3643.0,6837.0,31.0,98.0,,10.0,,31.0,58.0,,,,,,,,,
2026-05-20,54.0,31.0,99.0,633.0,44.0,13.0,6987.0,1210.0,10.18799,29.0,28.0,68.0,UNBALANCED,79.0,7.08,109.0,81.0,235.0,0.0,99.0,16.0,75.5,2014.0,3224.0,5063.0,36.0,98.0,,50.0,,23.0,58.0,24.1,21.8,57.1,31.3,4.3,,,,INDEX_SCALE
2026-05-21,51.0,30.0,94.0,388.0,67.0,11.0,5442.0,1396.0,2.17913,29.0,32.0,52.0,BALANCED,77.0,6.48,98.0,84.0,207.0,0.0,98.0,16.0,,2014.0,3410.0,5841.0,52.0,96.0,,69.0,,20.0,57.0,,,,,,,,,
2026-05-22,55.0,37.0,87.0,486.0,49.0,5.0,4593.0,1687.0,1.15617,30.0,29.0,45.0,BALANCED,69.0,5.63,113.0,65.0,160.0,0.0,98.0,16.0,,2014.0,3701.0,7058.0,39.0,97.0,,43.0,,23.0,58.0,,,,,,,,,
2026-05-23,52.0,27.0,80.0,444.0,65.0,14.0,10537.0,1481.0,6.05151,31.0,33.0,64.0,BALANCED,78.0,8.12,57.0,95.0,335.0,1.0,98.0,16.0,,2014.0,3495.0,6197.0,58.0,97.0,,61.0,,21.0,57.0,,,,,,,,,
2026-05-24,52.0,35.0,99.0,493.0,64.0,18.0,2930.0,3193.0,0.0,31.0,34.0,80.0,BALANCED,71.0,6.13,60.0,59.0,249.0,0.0,97.0,16.0,,2014.0,5207.0,13360.0,45.0,95.0,,6.0,,23.0,59.0,,,,,,,,,
2026-05-25,57.0,27.0,96.0,410.0,58.0,19.0,15036.0,1898.0,19.1916,31.0,30.0,63.0,BALANCED,77.0,7.72,131.0,58.0,274.0,2.0,96.0,17.0,,2014.0,3912.0,7941.0,39.0,96.0,,3.0,,24.0,61.0,,,,,,,,,
2026-05-26,55.0,27.0,81.0,418.0,71.0,23.0,24033.0,780.0,22.43602,31.0,32.0,48.0,BALANCED,84.0,7.32,85.0,112.0,242.0,0.0,97.0,17.0,,2014.0,2794.0,3264.0,48.0,95.0,,51.0,,21.0,58.0,,,,,,,,,
2026-05-27,54.0,28.0,90.0,372.0,62.0,22.0,5715.0,1828.0,0.0,32.0,37.0,64.0,BALANCED,59.0,5.27,58.0,38.0,220.0,2.0,96.0,14.0,,2014.0,3842.0,7648.0,33.0,96.0,,37.0,,18.0,57.0,,,,,,,,,
2026-05-28,53.0,27.0,96.0,492.0,80.0,30.0,7115.0,275.0,13.47933,32.0,29.0,43.0,BALANCED,85.0,9.52,101.0,140.0,330.0,0.0,98.0,16.0,77.6,2039.0,2314.0,1151.0,50.0,97.0,,75.0,,23.0,57.0,24.8,22.8,56.3,31.8,4.3,,,,INDEX_SCALE
2026-05-29,51.0,23.0,86.0,311.0,74.0,28.0,5886.0,690.0,9.21949,32.0,28.0,46.0,BALANCED,75.0,7.0,110.0,76.0,234.0,2.0,98.0,17.0,,2039.0,2729.0,2887.0,43.0,97.0,,75.0,,23.0,57.0,,,,,,,,,
2026-05-30,55.0,30.0,94.0,430.0,75.0,21.0,4233.0,2824.0,0.0,31.0,28.0,61.0,BALANCED,71.0,9.33,95.0,128.0,337.0,3.0,98.0,16.0,,2039.0,4863.0,11816.0,45.0,97.0,,13.0,,22.0,59.0,,,,,,,,,
2026-05-31,53.0,30.0,96.0,413.0,68.0,19.0,4829.0,2327.0,0.6601,30.0,28.0,64.0,BALANCED,51.0,8.85,76.0,69.0,386.0,5.0,97.0,17.0,77.0,2032.0,4359.0,9736.0,46.0,97.0,,2.0,,25.0,60.0,24.6,23.1,56.2,31.7,4.3,,,,INDEX_SCALE
2026-06-01,53.0,29.0,86.0,544.0,84.0,28.0,5932.0,1126.0,0.0,31.0,33.0,49.0,BALANCED,84.0,10.13,83.0,156.0,369.0,1.0,97.0,16.0,76.4,2025.0,3151.0,4711.0,63.0,96.0,,25.0,,21.0,56.0,24.4,22.7,56.4,31.5,4.3,,,,INDEX_SCALE
2026-06-02,53.0,32.0,86.0,588.0,70.0,18.0,7950.0,1311.0,7.74934,30.0,27.0,41.0,BALANCED,71.0,6.63,81.0,100.0,217.0,2.0,98.0,17.0,,2025.0,3336.0,5485.0,41.0,97.0,,50.0,,24.0,58.0,,,,,,,,,
2026-06-03,54.0,26.0,77.0,448.0,57.0,23.0,9546.0,1138.0,10.42651,29.0,26.0,51.0,UNBALANCED,72.0,6.5,75.0,98.0,217.0,2.0,97.0,17.0,77.8,2042.0,3180.0,4761.0,38.0,96.0,,50.0,,26.0,59.0,24.8,22.5,56.6,31.9,4.4,,,,INDEX_SCALE
2026-06-04,50.0,29.0,93.0,500.0,81.0,20.0,4951.0,1197.0,0.0,29.0,33.0,52.0,BALANCED,80.0,6.65,69.0,91.0,239.0,0.0,96.0,16.0,78.9,2055.0,3252.0,5008.0,58.0,96.0,,30.0,,17.0,55.0,25.2,23.1,56.2,32.1,4.4,,,,INDEX_SCALE
2026-06-05,53.0,24.0,78.0,315.0,73.0,35.0,6620.0,205.0,1.42618,29.0,29.0,64.0,BALANCED,76.0,8.43,81.0,127.0,298.0,3.0,98.0,16.0,78.6,2052.0,2257.0,858.0,52.0,96.0,,57.0,,22.0,57.0,25.1,22.9,56.3,32.1,4.4,,,,INDEX_SCALE
2026-06-06,53.0,19.0,87.0,20.0,84.0,36.0,4221.0,3260.0,0.0,30.0,30.0,43.0,BALANCED,81.0,7.18,85.0,70.0,276.0,1.0,98.0,16.0,,1323.0,4583.0,13640.0,48.0,98.0,,6.0,,17.0,55.0,,,,,,,,,
2026-06-07,51.0,30.0,92.0,502.0,66.0,15.0,4261.0,1905.0,0.0,30.0,31.0,59.0,BALANCED,80.0,7.13,101.0,101.0,226.0,0.0,98.0,16.0,77.6,2039.0,3944.0,7971.0,50.0,97.0,,4.0,,24.0,57.0,24.8,23.5,55.9,31.8,4.3,,,,INDEX_SCALE
2026-06-08,52.0,25.0,96.0,366.0,75.0,25.0,9663.0,378.0,13.13058,30.0,31.0,57.0,BALANCED,83.0,7.5,78.0,78.0,294.0,0.0,98.0,15.0,77.5,2038.0,2416.0,1582.0,60.0,97.0,,25.0,,21.0,56.0,24.7,22.8,56.4,31.8,4.3,,,,INDEX_SCALE
2026-06-09,51.0,25.0,98.0,323.0,75.0,27.0,9508.0,1240.0,11.79921,30.0,32.0,55.0,BALANCED,73.0,6.6,77.0,60.0,259.0,2.0,98.0,16.0,78.5,2050.0,3290.0,5188.0,46.0,98.0,,50.0,,19.0,56.0,25.1,23.3,56.0,32.0,4.4,,,,INDEX_SCALE
2026-06-10,52.0,32.0,87.0,531.0,82.0,21.0,6180.0,858.0,0.0,31.0,32.0,42.0,BALANCED,83.0,6.95,102.0,94.0,221.0,0.0,99.0,15.0,,2050.0,2908.0,3590.0,53.0,98.0,,75.0,,18.0,54.0,,,,,,,,,
2026-06-11,52.0,26.0,85.0,360.0,71.0,27.0,9470.0,1458.0,12.66109,31.0,29.0,42.0,BALANCED,78.0,6.82,67.0,75.0,267.0,0.0,97.0,16.0,,2050.0,3508.0,6100.0,49.0,96.0,,60.0,,21.0,56.0,,,,,,,,,
2026-06-12,52.0,24.0,99.0,338.0,80.0,29.0,7422.0,966.0,9.21063,31.0,34.0,60.0,BALANCED,78.0,6.55,83.0,63.0,247.0,0.0,98.0,16.0,78.2,2047.0,3013.0,4042.0,51.0,97.0,,75.0,,18.0,55.0,25.0,23.0,56.2,32.0,4.4,,,,INDEX_SCALE
2026-06-13,48.0,35.0,96.0,503.0,89.0,13.0,3800.0,2895.0,0.0,32.0,35.0,56.0,BALANCED,88.0,7.3,134.0,102.0,202.0,0.0,98.0,15.0,,2047.0,4942.0,12113.0,60.0,98.0,59.1,19.0,20.0,15.0,53.0,,,,,,,,,
2026-06-14,50.0,32.0,84.0,521.0,76.0,14.0,3222.0,2375.0,0.0,32.0,33.0,70.0,BALANCED,88.0,7.5,100.0,98.0,252.0,0.0,98.0,16.0,,2047.0,4422.0,9937.0,62.0,98.0,59.1,21.0,20.0,18.0,56.0,,,,,,,,,
2026-06-15,52.0,22.0,98.0,345.0,76.0,27.0,7201.0,269.0,7.57677,33.0,33.0,54.0,BALANCED,83.0,7.83,54.0,98.0,318.0,0.0,99.0,15.0,77.3,2036.0,2305.0,1125.0,62.0,97.0,,50.0,,22.0,55.0,24.7,23.2,56.1,31.8,4.3,,,,INDEX_SCALE
2026-06-16,48.0,30.0,87.0,562.0,79.0,21.0,6189.0,1236.0,10.27165,33.0,33.0,51.0,BALANCED,76.0,6.08,130.0,104.0,131.0,0.0,97.0,16.0,,2036.0,3272.0,5171.0,42.0,96.0,59.3,50.0,,20.0,56.0,,,,,,,,,
2026-06-17,53.0,28.0,90.0,432.0,66.0,21.0,8500.0,1664.0,9.60138,33.0,36.0,114.0,BALANCED,65.0,5.17,107.0,38.0,165.0,0.0,94.0,17.0,,2036.0,3700.0,6962.0,39.0,96.0,59.3,50.0,,20.0,57.0,,,,,,,,,
2026-06-18,49.0,23.0,81.0,202.0,80.0,14.0,885.0,1276.0,0.0,34.0,33.0,57.0,BALANCED,81.0,6.98,108.0,95.0,216.0,0.0,98.0,16.0,,2036.0,3312.0,5339.0,59.0,97.0,59.3,56.0,,21.0,54.0,,,,,,,,,
2026-06-19,43.0,24.0,100.0,380.0,74.0,27.0,7109.0,1232.0,7.7044,34.0,33.0,65.0,BALANCED,79.0,6.87,100.0,62.0,250.0,1.0,99.0,16.0,,2036.0,3268.0,5155.0,58.0,97.0,59.3,75.0,,19.0,55.0,,,,,,,,,
2026-06-20,49.0,30.0,87.0,518.0,84.0,18.0,7029.0,1728.0,1.0,33.0,33.0,51.0,BALANCED,89.0,7.47,101.0,129.0,218.0,0.0,97.0,16.0,,2036.0,3764.0,7230.0,57.0,96.0,59.5,57.0,,18.0,53.0,,,,,,,,,
2026-06-21,51.0,30.0,96.0,471.0,78.0,20.0,6186.0,2259.0,3.02067,34.0,33.0,60.0,BALANCED,77.0,8.37,103.0,119.0,280.0,3.0,96.0,16.0,,2036.0,4295.0,9452.0,60.0,96.0,59.6,55.0,,22.0,56.0,,,,,,,,,
2026-06-22,51.0,23.0,90.0,318.0,71.0,30.0,10534.0,350.0,8.42618,33.0,31.0,54.0,BALANCED,83.0,7.68,115.0,126.0,220.0,1.0,97.0,16.0,78.9,2055.0,2405.0,1464.0,50.0,97.0,,75.0,,23.0,56.0,25.2,23.5,55.8,32.1,4.4,,,,INDEX_SCALE
2026-06-23,50.0,26.0,88.0,388.0,85.0,29.0,7366.0,1195.0,7.0,33.0,32.0,56.0,BALANCED,86.0,7.27,124.0,115.0,197.0,1.0,98.0,16.0,,2055.0,3250.0,5000.0,50.0,98.0,59.8,75.0,,18.0,54.0,,,,,,,,,
2026-06-24,52.0,24.0,84.0,266.0,76.0,32.0,6802.0,1341.0,4.2664,32.0,29.0,47.0,BALANCED,81.0,7.22,64.0,112.0,257.0,1.0,98.0,16.0,,2055.0,3396.0,5611.0,45.0,96.0,59.8,75.0,,21.0,55.0,,,,,,,,,
2026-06-25,52.0,29.0,99.0,494.0,76.0,19.0,8221.0,1554.0,12.02625,32.0,34.0,72.0,BALANCED,76.0,6.28,78.0,65.0,234.0,0.0,97.0,15.0,,2055.0,3609.0,6502.0,44.0,97.0,59.8,60.0,,19.0,55.0,,,,,,,,,
2026-06-26,52.0,28.0,88.0,579.0,74.0,21.0,5254.0,191.0,0.6565,32.0,32.0,59.0,BALANCED,86.0,7.97,95.0,117.0,266.0,1.0,98.0,16.0,,2140.0,2331.0,799.0,54.0,97.0,,88.0,,21.0,56.0,,,,,,,,,
2026-06-27,52.0,22.0,75.0,144.0,79.0,21.0,3948.0,965.0,2.04003,32.0,35.0,64.0,BALANCED,78.0,8.35,88.0,70.0,343.0,2.0,98.0,16.0,,2055.0,3020.0,4038.0,57.0,97.0,59.7,28.0,,23.0,56.0,,,,,,,,,
2026-06-28,50.0,29.0,88.0,318.0,71.0,14.0,2905.0,1968.0,0.0,32.0,31.0,47.0,BALANCED,82.0,7.42,89.0,128.0,228.0,1.0,98.0,,,2055.0,4023.0,8234.0,50.0,97.0,59.6,17.0,,20.0,57.0,,,,,,,,,
2026-06-29,51.0,24.0,84.0,349.0,61.0,27.0,7103.0,209.0,1.69521,32.0,30.0,60.0,BALANCED,81.0,8.38,103.0,102.0,298.0,1.0,97.0,16.0,,1969.0,2178.0,874.0,44.0,96.0,,14.0,,24.0,59.0,,,,,,,,,
2026-06-30,52.0,22.0,94.0,260.0,85.0,35.0,7322.0,925.0,5.71982,32.0,35.0,78.0,BALANCED,91.0,7.98,118.0,139.0,222.0,0.0,96.0,16.0,,2055.0,2980.0,3870.0,50.0,96.0,,51.0,,18.0,55.0,,,,,,,,,
2026-07-01,50.0,20.0,85.0,228.0,91.0,42.0,8276.0,232.0,10.34252,33.0,35.0,62.0,BALANCED,90.0,8.2,100.0,110.0,282.0,1.0,98.0,15.0,79.9,2067.0,2299.0,971.0,56.0,97.0,,75.0,,16.0,54.0,25.5,24.0,55.5,32.4,4.4,,,,INDEX_SCALE
2026-07-02,48.0,23.0,85.0,337.0,97.0,37.0,6803.0,185.0,7.28281,34.0,38.0,72.0,BALANCED,87.0,8.1,89.0,107.0,290.0,1.0,97.0,15.0,,2067.0,2252.0,774.0,54.0,97.0,,94.0,,17.0,52.0,,,,,,,,,
2026-07-03,52.0,23.0,81.0,308.0,76.0,32.0,8897.0,241.0,9.0,34.0,36.0,78.0,BALANCED,67.0,7.88,100.0,98.0,275.0,4.0,97.0,15.0,79.7,2065.0,2306.0,1008.0,36.0,96.0,,75.0,,21.0,56.0,25.4,23.4,55.9,32.3,4.5,,,,INDEX_SCALE
2026-07-04,50.0,30.0,90.0,462.0,85.0,23.0,5539.0,2004.0,2.47999,35.0,41.0,90.0,BALANCED,79.0,6.42,90.0,65.0,230.0,0.0,97.0,15.0,80.1,2070.0,4074.0,8385.0,52.0,96.0,59.3,59.0,20.0,15.0,52.0,25.6,24.1,55.4,32.4,4.4,,,,INDEX_SCALE
2026-07-05,51.0,30.0,85.0,429.0,77.0,16.0,772.0,1780.0,0.0,36.0,37.0,55.0,BALANCED,80.0,6.77,106.0,73.0,227.0,0.0,98.0,15.0,79.4,2061.0,3841.0,7448.0,52.0,96.0,59.5,62.0,20.0,18.0,53.0,25.4,23.8,55.6,32.3,4.4,,,,INDEX_SCALE
2026-07-06,50.0,19.0,92.0,189.0,82.0,24.0,9132.0,300.0,10.2336,37.0,38.0,57.0,UNBALANCED,87.0,7.5,67.0,131.0,252.0,0.0,98.0,15.0,75.0,2008.0,2308.0,1255.0,66.0,97.0,,78.0,,15.0,53.0,,,,,,,,,MANUAL
2026-07-07,50.0,29.0,96.0,371.0,86.0,25.0,7252.0,984.0,11.66896,37.0,39.0,55.0,UNBALANCED,74.0,5.63,90.0,100.0,148.0,0.0,98.0,15.0,,2008.0,2992.0,4117.0,39.0,97.0,59.5,25.0,20.0,15.0,52.0,,,,,,,,,
2026-07-08,50.0,26.0,87.0,350.0,76.0,26.0,9217.0,1440.0,8.13287,38.0,38.0,52.0,UNBALANCED,71.0,5.53,94.0,59.0,179.0,0.0,98.0,14.0,78.8,2054.0,3494.0,6025.0,42.0,97.0,59.5,25.0,20.0,18.0,53.0,25.2,23.0,56.2,32.1,4.4,,,,INDEX_SCALE
2026-07-09,50.0,23.0,84.0,280.0,76.0,30.0,9260.0,1162.0,14.42093,38.0,37.0,55.0,UNBALANCED,78.0,6.13,115.0,92.0,161.0,0.0,97.0,15.0,,2054.0,3216.0,4862.0,49.0,96.0,59.6,50.0,20.0,17.0,53.0,,,,,,,,,
2026-07-10,50.0,20.0,82.0,184.0,82.0,33.0,8550.0,223.0,11.27625,38.0,40.0,57.0,UNBALANCED,74.0,5.78,89.0,68.0,190.0,0.0,98.0,15.0,79.1,2058.0,2281.0,933.0,50.0,96.0,,58.0,,15.0,53.0,25.2,23.2,56.1,32.2,4.4,,,,INDEX_SCALE
2026-07-11,49.0,23.0,88.0,306.0,89.0,24.0,2011.0,1905.0,0.0,38.0,39.0,55.0,UNBALANCED,86.0,6.93,117.0,110.0,189.0,0.0,99.0,15.0,,2058.0,3963.0,7971.0,55.0,98.0,59.6,50.0,20.0,14.0,52.0,,,,,,,,,
2026-07-12,50.0,33.0,96.0,441.0,79.0,9.0,5344.0,2505.0,1.0,39.0,41.0,112.0,UNBALANCED,74.0,5.72,109.0,63.0,171.0,0.0,97.0,14.0,78.7,2053.0,4558.0,10481.0,52.0,96.0,59.5,25.0,20.0,14.0,52.0,25.1,23.5,55.8,32.1,4.4,,,,INDEX_SCALE
2026-07-13,48.0,21.0,81.0,255.0,78.0,20.0,7232.0,916.0,8.03707,39.0,42.0,67.0,UNBALANCED,81.0,6.57,110.0,70.0,214.0,0.0,98.0,15.0,78.5,2050.0,2966.0,3833.0,69.0,96.0,,50.0,,14.0,51.0,25.0,23.3,56.0,32.0,4.4,,,,INDEX_SCALE
2026-07-14,48.0,30.0,89.0,329.0,89.0,22.0,7635.0,1558.0,11.70932,39.0,39.0,76.0,UNBALANCED,79.0,6.43,111.0,62.0,213.0,0.0,98.0,15.0,,2050.0,3608.0,6519.0,54.0,97.0,59.4,1.0,20.0,14.0,50.0,,,,,,,,,
2026-07-15,50.0,28.0,92.0,393.0,64.0,19.0,6443.0,1413.0,11.28478,39.0,33.0,56.0,UNBALANCED,58.0,4.52,108.0,57.0,106.0,0.0,98.0,15.0,78.0,2045.0,3458.0,5912.0,39.0,96.0,,6.0,,24.0,55.0,24.9,23.1,56.1,31.9,4.4,,,,INDEX_SCALE
2026-07-16,50.0,25.0,75.0,372.0,75.0,21.0,8046.0,1390.0,13.0,38.0,35.0,55.0,UNBALANCED,77.0,5.93,123.0,88.0,145.0,0.0,97.0,15.0,,2045.0,3435.0,5816.0,56.0,96.0,59.5,29.0,20.0,15.0,52.0,,,,,,,,,
2026-07-17,50.0,21.0,87.0,234.0,75.0,32.0,7226.0,940.0,13.01247,37.0,34.0,53.0,BALANCED,74.0,6.02,98.0,110.0,153.0,1.0,98.0,15.0,77.5,2038.0,2978.0,3933.0,49.0,97.0,59.4,51.0,20.0,17.0,53.0,24.7,22.8,56.4,31.8,4.3,,,,INDEX_SCALE
2026-07-18,45.0,33.0,98.0,521.0,95.0,13.0,8669.0,2055.0,4.43898,38.0,40.0,57.0,BALANCED,89.0,7.38,119.0,74.0,250.0,0.0,97.0,15.0,77.5,2038.0,4093.0,8598.0,63.0,96.0,59.5,75.0,20.0,12.0,49.0,24.7,22.8,56.3,31.8,4.3,,,,INDEX_SCALE
2026-07-19,51.0,23.0,94.0,199.0,69.0,13.0,2636.0,2322.0,0.0,36.0,32.0,54.0,BALANCED,84.0,7.13,136.0,112.0,180.0,0.0,97.0,16.0,78.4,2049.0,4371.0,9715.0,56.0,97.0,59.4,78.0,20.0,19.0,54.0,25.0,23.3,56.0,32.0,4.4,,,,INDEX_SCALE
2026-07-20,52.0,23.0,87.0,241.0,64.0,21.0,7506.0,929.0,1.20965,34.0,29.0,48.0,BALANCED,84.0,7.47,96.0,129.0,223.0,1.0,98.0,16.0,76.9,2031.0,2960.0,3887.0,51.0,97.0,,51.0,,21.0,56.0,24.6,22.9,56.3,31.7,4.3,,,,INDEX_SCALE
2026-07-21,50.0,17.0,85.0,106.0,89.0,47.0,6386.0,1127.0,7.0,34.0,35.0,54.0,BALANCED,85.0,7.1,100.0,121.0,205.0,0.0,97.0,16.0,78.0,2044.0,3171.0,4715.0,59.0,97.0,,75.0,,18.0,52.0,24.9,22.6,56.5,31.9,4.4,,,,INDEX_SCALE
2026-07-22,47.0,21.0,87.0,248.0,98.0,34.0,7222.0,1165.0,10.73425,35.0,38.0,59.0,BALANCED,87.0,7.23,100.0,128.0,206.0,1.0,97.0,15.0,,2044.0,3209.0,4874.0,49.0,96.0,,78.0,,14.0,50.0,,,,,,,,,
2026-07-23,48.0,22.0,84.0,259.0,91.0,36.0,7708.0,1253.0,12.38123,35.0,38.0,63.0,BALANCED,87.0,7.32,115.0,97.0,227.0,0.0,97.0,15.0,78.1,2045.0,3298.0,5243.0,57.0,97.0,,77.0,,18.0,51.0,24.9,22.9,56.3,31.9,4.4,,,,INDEX_SCALE
2026-07-24,53.0,35.0,90.0,384.0,94.0,16.0,12179.0,1528.0,8.31529,35.0,,,BALANCED,,0.0,0.0,0.0,0.0,,,,,2045.0,3573.0,6393.0,,94.0,,69.0,,,,,,,,,,,,
2026-07-25,53.0,45.0,94.0,408.0,60.0,5.0,2994.0,3274.0,0.0,34.0,,,BALANCED,,0.0,0.0,0.0,0.0,,,,,2045.0,5319.0,13698.0,,95.0,59.4,52.0,20.0,,,,,,,,,,,
2026-07-26,52.0,28.0,93.0,287.0,49.0,9.0,5283.0,3092.0,0.0,34.0,30.0,42.0,BALANCED,83.0,7.37,125.0,111.0,206.0,0.0,98.0,17.0,75.8,2017.0,5109.0,12937.0,44.0,98.0,59.7,56.0,20.0,23.0,56.0,24.2,22.4,56.6,31.3,4.2,,,,INDEX_SCALE
2026-07-27,50.0,21.0,84.0,196.0,77.0,31.0,10738.0,242.0,13.06037,35.0,34.0,53.0,BALANCED,90.0,8.62,103.0,132.0,282.0,0.0,98.0,16.0,76.5,2026.0,2268.0,1013.0,65.0,97.0,,77.0,,18.0,53.0,24.4,22.5,56.6,31.4,4.3,,,,INDEX_SCALE
2026-07-28,50.0,22.0,81.0,221.0,84.0,37.0,7572.0,1163.0,6.0,34.0,31.0,45.0,BALANCED,86.0,7.5,86.0,125.0,239.0,1.0,98.0,16.0,,2026.0,3189.0,4866.0,43.0,97.0,59.9,50.0,20.0,19.0,53.0,,,,,,,,,
2026-07-29,49.0,22.0,88.0,208.0,78.0,31.0,5847.0,1219.0,3.17717,33.0,31.0,57.0,BALANCED,75.0,6.62,81.0,69.0,247.0,1.0,98.0,15.0,,2026.0,3245.0,5100.0,40.0,97.0,,56.0,,21.0,52.0,,,,,,,,,
2026-07-30,48.0,22.0,86.0,254.0,94.0,36.0,6833.0,1539.0,0.75787,33.0,38.0,68.0,BALANCED,88.0,7.68,74.0,119.0,268.0,1.0,96.0,15.0,76.8,2030.0,3569.0,6439.0,59.0,96.0,59.7,51.0,20.0,16.0,51.0,24.5,22.5,56.6,31.5,4.3,,,,INDEX_SCALE
2026-07-31,47.0,20.0,73.0,189.0,87.0,32.0,6202.0,734.0,0.0,33.0,37.0,79.0,BALANCED,82.0,6.95,103.0,82.0,232.0,1.0,98.0,15.0,75.8,2017.0,2751.0,3071.0,51.0,96.0,,62.0,,16.0,51.0,24.2,22.6,56.5,31.3,4.2,,,,INDEX_SCALE
2026-08-01,45.0,34.0,94.0,446.0,98.0,11.0,8066.0,1884.0,6.65322,35.0,44.0,80.0,BALANCED,81.0,7.48,106.0,86.0,257.0,3.0,97.0,14.0,,2017.0,3901.0,7883.0,66.0,98.0,60.3,75.0,20.0,13.0,48.0,,,,,,,,,
2026-08-02,48.0,36.0,99.0,250.0,65.0,5.0,8599.0,3199.0,0.0,36.0,37.0,72.0,BALANCED,74.0,6.52,102.0,71.0,218.0,0.0,99.0,16.0,76.7,2028.0,5227.0,13385.0,49.0,98.0,60.3,12.0,20.0,24.0,53.0,24.5,23.1,56.2,31.5,4.2,,,,INDEX_SCALE
2026-08-03,53.0,24.0,61.0,250.0,69.0,36.0,5626.0,144.0,4.49738,36.0,,,BALANCED,,0.0,0.0,0.0,0.0,,,,,2028.0,2172.0,602.0,,96.0,,25.0,,,,,,,,,,,,
2026-08-04,47.0,23.0,81.0,306.0,87.0,31.0,6217.0,1125.0,14.44882,37.0,38.0,65.0,BALANCED,84.0,7.0,108.0,113.0,199.0,0.0,98.0,16.0,76.3,2023.0,3148.0,4707.0,50.0,97.0,,58.0,,17.0,53.0,24.4,23.3,56.0,31.4,4.2,,,,INDEX_SCALE
2026-08-05,48.0,26.0,94.0,436.0,89.0,27.0,6223.0,1162.0,10.4649,39.0,39.0,58.0,BALANCED,90.0,7.48,117.0,103.0,229.0,0.0,97.0,15.0,76.2,2022.0,3184.0,4862.0,58.0,96.0,60.3,50.0,20.0,15.0,51.0,24.3,22.8,56.4,31.4,4.2,,,,INDEX_SCALE
2026-08-06,49.0,26.0,86.0,346.0,80.0,20.0,21389.0,1688.0,23.20341,39.0,40.0,72.0,BALANCED,83.0,6.88,94.0,116.0,203.0,0.0,96.0,15.0,76.4,2025.0,3713.0,7063.0,53.0,96.0,60.6,70.0,20.0,18.0,53.0,24.4,23.2,56.0,31.4,4.2,,,,INDEX_SCALE
2026-08-07,51.0,32.0,99.0,389.0,62.0,12.0,11818.0,1426.0,11.30282,38.0,31.0,49.0,BALANCED,72.0,5.85,119.0,70.0,162.0,0.0,98.0,16.0,,2025.0,3451.0,5966.0,40.0,97.0,,60.0,,23.0,54.0,,,,,,,,,
2026-08-08,52.0,39.0,93.0,458.0,31.0,5.0,1266.0,2638.0,0.0,37.0,,,BALANCED,,0.0,0.0,0.0,0.0,,,,75.6,2015.0,4653.0,11037.0,,97.0,60.5,35.0,20.0,,,24.1,23.4,55.9,31.2,4.1,,,,INDEX_SCALE
2026-08-09,53.0,37.0,97.0,564.0,50.0,5.0,14652.0,3515.0,6.58727,34.0,27.0,42.0,BALANCED,79.0,7.7,73.0,97.0,292.0,0.0,98.0,17.0,,2015.0,5530.0,14707.0,45.0,97.0,60.5,13.0,,25.0,58.0,,,,,,,,,
2026-08-10,53.0,30.0,84.0,514.0,50.0,7.0,5182.0,2229.0,0.0,34.0,30.0,47.0,BALANCED,73.0,6.47,65.0,59.0,264.0,1.0,98.0,16.0,,2015.0,4244.0,9326.0,45.0,97.0,60.6,26.0,20.0,22.0,57.0,,,,,,,,,
2026-08-11,51.0,22.0,72.0,317.0,75.0,30.0,5182.0,130.0,0.0,33.0,32.0,52.0,BALANCED,76.0,9.53,109.0,80.0,383.0,3.0,98.0,16.0,75.4,2013.0,2143.0,544.0,68.0,97.0,,50.0,,20.0,55.0,24.1,21.9,57.0,31.2,4.2,,,,INDEX_SCALE
2026-08-12,50.0,22.0,63.0,293.0,80.0,30.0,7402.0,1403.0,2.7336,32.0,34.0,69.0,UNBALANCED,78.0,6.45,100.0,82.0,205.0,0.0,97.0,15.0,76.5,2026.0,3429.0,5870.0,45.0,97.0,,55.0,,19.0,53.0,24.4,21.6,57.3,31.4,4.3,,,,INDEX_SCALE
2026-08-13,48.0,22.0,91.0,254.0,81.0,27.0,3899.0,2012.0,0.0,31.0,35.0,54.0,UNBALANCED,74.0,6.42,72.0,43.0,270.0,0.0,98.0,16.0,77.2,2034.0,4046.0,8418.0,51.0,97.0,,50.0,,17.0,52.0,24.6,22.0,57.0,31.6,4.4,,,,INDEX_SCALE
2026-08-14,48.0,32.0,99.0,425.0,78.0,6.0,13735.0,1575.0,7.0643,32.0,37.0,58.0,UNBALANCED,71.0,5.67,38.0,103.0,199.0,0.0,98.0,15.0,76.2,2022.0,3597.0,6590.0,48.0,97.0,,35.0,,16.0,50.0,24.3,21.9,57.0,31.4,4.3,,,,INDEX_SCALE
2026-08-15,49.0,29.0,96.0,372.0,53.0,8.0,5766.0,2715.0,0.0,32.0,34.0,48.0,UNBALANCED,67.0,5.43,66.0,79.0,181.0,2.0,98.0,15.0,75.3,2011.0,4726.0,11360.0,47.0,97.0,,25.0,,23.0,53.0,24.0,21.4,57.4,31.2,4.3,,,,INDEX_SCALE
2026-08-16,48.0,24.0,85.0,327.0,72.0,17.0,4536.0,1336.0,2.66896,34.0,35.0,54.0,BALANCED,83.0,7.18,109.0,85.0,237.0,0.0,98.0,16.0,75.8,2017.0,3353.0,5590.0,62.0,97.0,,52.0,,19.0,53.0,24.2,21.6,57.2,31.3,4.3,,,,INDEX_SCALE
2026-08-17,50.0,21.0,93.0,224.0,74.0,36.0,3541.0,1249.0,0.0,35.0,36.0,60.0,BALANCED,75.0,7.13,55.0,90.0,283.0,2.0,98.0,15.0,76.5,2026.0,3275.0,5226.0,56.0,96.0,,75.0,,19.0,54.0,24.4,22.0,57.0,31.5,4.3,,,,INDEX_SCALE
2026-08-18,48.0,23.0,76.0,296.0,89.0,26.0,6783.0,1254.0,4.0,35.0,37.0,67.0,BALANCED,82.0,6.97,108.0,76.0,234.0,0.0,97.0,15.0,77.0,2032.0,3286.0,5247.0,52.0,97.0,,50.0,,16.0,52.0,24.6,21.8,57.1,31.6,4.4,,,,INDEX_SCALE
2026-08-19,51.0,23.0,72.0,268.0,72.0,30.0,3259.0,688.0,0.0,35.0,33.0,71.0,BALANCED,72.0,6.52,100.0,67.0,224.0,2.0,98.0,15.0,76.5,2026.0,2714.0,2879.0,40.0,98.0,,52.0,,22.0,54.0,24.4,22.0,56.9,31.5,4.3,,,,INDEX_SCALE
2026-08-20,49.0,27.0,87.0,299.0,79.0,32.0,4893.0,2549.0,2.24606,35.0,35.0,57.0,BALANCED,74.0,5.9,99.0,111.0,144.0,0.0,98.0,15.0,76.5,2027.0,4576.0,10665.0,46.0,97.0,,57.0,,17.0,52.0,24.4,21.9,57.0,31.5,4.3,,,,INDEX_SCALE
2026-08-21,51.0,24.0,96.0,392.0,73.0,27.0,6098.0,712.0,0.0,35.0,39.0,89.0,BALANCED,55.0,4.6,78.0,20.0,178.0,1.0,97.0,15.0,75.3,2011.0,2723.0,2979.0,27.0,96.0,,50.0,,21.0,56.0,24.0,21.8,57.1,31.2,4.2,,,,INDEX_SCALE
2026-08-22,47.0,28.0,90.0,454.0,85.0,11.0,4574.0,1979.0,0.0,36.0,39.0,59.0,BALANCED,77.0,6.3,104.0,63.0,211.0,0.0,98.0,16.0,76.2,2022.0,4001.0,8280.0,56.0,97.0,,29.0,,16.0,52.0,24.3,22.0,56.9,31.4,4.3,,,,INDEX_SCALE
2026-08-23,50.0,23.0,81.0,151.0,57.0,9.0,3488.0,1313.0,1.0,36.0,36.0,66.0,BALANCED,71.0,5.87,85.0,72.0,195.0,1.0,97.0,16.0,,2022.0,3335.0,5494.0,46.0,97.0,,54.0,,23.0,55.0,,,,,,,,,
2026-08-24,51.0,23.0,63.0,340.0,68.0,30.0,5607.0,128.0,0.0,36.0,34.0,54.0,BALANCED,77.0,9.12,75.0,106.0,366.0,2.0,98.0,15.0,,2022.0,2150.0,536.0,59.0,97.0,,77.0,,21.0,55.0,,,,,,,,,
2026-08-25,52.0,30.0,83.0,513.0,72.0,25.0,4239.0,1217.0,0.0,35.0,30.0,51.0,BALANCED,71.0,6.55,92.0,56.0,245.0,2.0,98.0,16.0,,2022.0,3239.0,5092.0,31.0,98.0,,25.0,,23.0,56.0,,,,,,,,,
2026-08-26,50.0,25.0,94.0,359.0,67.0,27.0,6683.0,1595.0,1.0,35.0,30.0,63.0,BALANCED,76.0,6.83,92.0,63.0,255.0,0.0,98.0,15.0,77.8,2042.0,3637.0,6673.0,42.0,96.0,,50.0,,23.0,55.0,24.8,21.8,57.1,31.8,4.4,,,,INDEX_SCALE
2026-08-27,49.0,26.0,82.0,385.0,79.0,29.0,5784.0,1121.0,0.0,35.0,35.0,52.0,BALANCED,81.0,7.1,84.0,98.0,244.0,0.0,96.0,15.0,,2042.0,3163.0,4690.0,51.0,96.0,,75.0,,21.0,53.0,,,,,,,,,
2026-08-28,51.0,27.0,84.0,485.0,71.0,21.0,6066.0,1115.0,3.35958,34.0,36.0,109.0,BALANCED,76.0,7.13,98.0,70.0,260.0,2.0,97.0,16.0,,2127.0,3242.0,4665.0,42.0,96.0,,67.0,,22.0,55.0,,,,,,,,,
2026-08-29,53.0,33.0,83.0,374.0,59.0,16.0,3620.0,2768.0,2.09252,33.0,31.0,54.0,UNBALANCED,72.0,6.18,104.0,85.0,182.0,0.0,99.0,16.0,,2042.0,4810.0,11581.0,38.0,98.0,,50.0,,24.0,56.0,,,,,,,,,
2026-08-30,53.0,30.0,84.0,332.0,54.0,26.0,6014.0,862.0,5.04101,33.0,33.0,62.0,UNBALANCED,62.0,6.6,146.0,16.0,234.0,1.0,98.0,16.0,,1956.0,2818.0,3607.0,38.0,97.0,,50.0,,23.0,55.0,,,,,,,,,
2026-08-31,55.0,26.0,57.0,279.0,75.0,36.0,3343.0,813.0,2.01772,32.0,,,UNBALANCED,,0.0,0.0,0.0,0.0,,,,76.7,2028.0,2841.0,3402.0,,98.0,,38.0,,,,24.5,22.1,56.9,31.5,4.3,,,,INDEX_SCALE
2026-09-01,48.0,23.0,74.0,270.0,83.0,32.0,3275.0,1092.0,0.0,33.0,36.0,63.0,UNBALANCED,75.0,7.0,50.0,57.0,313.0,1.0,98.0,15.0,77.2,2034.0,3126.0,4569.0,46.0,96.0,,54.0,,20.0,53.0,24.7,22.0,57.0,31.6,4.4,,,,INDEX_SCALE
2026-09-02,47.0,27.0,81.0,201.0,79.0,47.0,2836.0,1629.0,2.16667,35.0,38.0,59.0,BALANCED,75.0,6.08,115.0,57.0,193.0,0.0,98.0,15.0,,1024.0,2653.0,6816.0,47.0,99.0,,43.0,,17.0,51.0,,,,,,,,,
