date,activity_id,activity_title,lap_index,lap_type,elapsed_s,timer_s,distance_km,avg_power,np,max_power,avg_hr,max_hr,avg_cadence,total_kj,ascent_m,intensity_factor,tss,pace_score,lap_uid,hrrc_bpm
2026-01-03,16919035093,How to tell when Nath is avoiding Friday night drinks with work colleagues 🫣,1,RECOVERY,469.0,340.0,1.874,91.7,116.4,436.0,93.0,123.0,62.3,31.2,7.6,0.388,1.4,,16919035093_1,
2026-01-03,16919035093,How to tell when Nath is avoiding Friday night drinks with work colleagues 🫣,2,COOLDOWN,3578.0,3509.0,33.699,217.7,226.6,644.0,142.7,157.0,84.4,763.9,26.0,0.755,55.6,,16919035093_2,
2026-01-03,16919035093,How to tell when Nath is avoiding Friday night drinks with work colleagues 🫣,3,COOLDOWN,4106.0,3607.0,32.745,206.7,232.6,747.0,135.6,157.0,82.2,745.6,123.2,0.775,60.2,,16919035093_3,
2026-01-03,16919035093,How to tell when Nath is avoiding Friday night drinks with work colleagues 🫣,4,COOLDOWN,3451.0,3020.0,30.91,214.8,244.2,921.0,145.1,169.0,80.2,648.7,142.2,0.814,55.6,,16919035093_4,
2026-01-03,16919035093,How to tell when Nath is avoiding Friday night drinks with work colleagues 🫣,5,COOLDOWN,1231.0,1169.0,13.689,248.6,294.2,697.0,159.7,179.0,84.7,290.6,42.4,0.981,31.2,,16919035093_5,
2026-01-03,16919035093,How to tell when Nath is avoiding Friday night drinks with work colleagues 🫣,6,RECOVERY,2081.0,1021.0,7.205,128.4,154.6,601.0,127.1,147.0,69.4,131.1,19.4,0.515,7.5,,16919035093_6,
2026-01-03,16919035093,How to tell when Nath is avoiding Friday night drinks with work colleagues 🫣,7,COOLDOWN,3841.0,3841.0,22.695,186.5,241.0,503.0,150.9,175.0,76.9,716.3,651.0,0.803,68.9,,16919035093_7,
2026-01-03,16919035093,How to tell when Nath is avoiding Friday night drinks with work colleagues 🫣,8,RECOVERY,988.0,288.0,2.259,64.9,119.0,391.0,116.1,166.0,69.5,18.7,7.2,0.397,1.3,,16919035093_8,
2026-01-03,16919035093,How to tell when Nath is avoiding Friday night drinks with work colleagues 🫣,9,RECOVERY,870.0,652.0,5.428,169.8,199.4,642.0,139.5,158.0,73.9,110.7,13.8,0.665,8.0,,16919035093_9,
2026-01-04,16929931488,Another ride with Francois = another rinsing,2,COOLDOWN,5624.0,5275.0,47.907,184.0,207.2,610.0,136.7,159.0,80.2,970.6,40.8,0.691,69.9,,16929931488_2,
2026-01-04,16929931488,Another ride with Francois = another rinsing,1,COOLDOWN,11455.0,8328.0,78.665,199.4,244.5,940.0,136.2,167.0,82.2,1660.6,615.6,0.815,153.7,,16929931488_1,
2026-01-04,16929931488,Another ride with Francois = another rinsing,3,RECOVERY,2802.0,1331.0,9.549,130.8,166.2,532.0,122.7,149.0,72.9,174.1,30.0,0.554,11.3,,16929931488_3,
2026-01-06,16950468244,Tempo Tuesdays 🥳,1,RECOVERY,1226.0,862.0,7.383,153.7,205.0,611.0,120.3,156.0,79.0,132.5,14.8,0.683,11.2,,16950468244_1,
2026-01-06,16950468244,Tempo Tuesdays 🥳,2,COOLDOWN,1486.0,1416.0,15.237,207.7,247.6,814.0,148.4,165.0,82.5,294.1,33.4,0.825,26.8,,16950468244_2,
2026-01-06,16950468244,Tempo Tuesdays 🥳,3,INTERVAL,782.0,745.0,8.23,275.3,301.3,756.0,165.7,177.0,88.4,205.1,21.4,1.004,20.9,,16950468244_3,
2026-01-06,16950468244,Tempo Tuesdays 🥳,4,COOLDOWN,2884.0,2512.0,21.895,180.3,201.9,488.0,133.1,165.0,79.6,452.9,59.8,0.673,31.6,,16950468244_4,
2026-01-07,16962475383,Wet n Wild Wednesdays,1,RECOVERY,8536.0,7102.0,61.708,123.9,145.4,603.0,105.1,134.0,74.1,879.9,82.6,0.485,46.3,,16962475383_1,
2026-01-10,16995725590,Sweaty single file Saturdays with the Quantum lads,3,COOLDOWN,5500.0,5444.0,61.237,226.4,259.8,802.0,160.9,179.0,88.9,1232.5,369.0,0.866,113.4,,16995725590_3,
2026-01-10,16995725590,Sweaty single file Saturdays with the Quantum lads,4,COOLDOWN,7179.0,5200.0,54.912,198.2,243.9,747.0,154.5,181.0,81.5,1030.6,279.2,0.813,95.5,,16995725590_4,
2026-01-10,16995725590,Sweaty single file Saturdays with the Quantum lads,1,RECOVERY,2749.0,1310.0,9.771,161.2,208.9,557.0,122.6,163.0,68.6,211.2,74.6,0.696,17.6,,16995725590_1,
2026-01-10,16995725590,Sweaty single file Saturdays with the Quantum lads,2,COOLDOWN,2290.0,2264.0,26.981,242.3,294.0,689.0,167.0,183.0,90.8,548.6,239.4,0.98,60.4,,16995725590_2,
2026-01-11,17006923180,Sensible ✅,1,COOLDOWN,9472.0,8083.0,71.674,181.9,204.3,796.0,125.9,172.0,80.9,1470.3,75.8,0.681,104.1,,17006923180_1,
2026-01-13,17028713992,Tempo Tuesday with a sprinkle of Quantum and Mavericks ☕️,3,RECOVERY,2262.0,521.0,3.094,97.3,135.1,452.0,120.1,143.0,43.2,50.7,24.4,0.45,2.9,,17028713992_3,
2026-01-13,17028713992,Tempo Tuesday with a sprinkle of Quantum and Mavericks ☕️,2,COOLDOWN,926.0,926.0,9.125,236.3,270.1,952.0,153.4,171.0,81.1,218.8,25.6,0.9,20.9,,17028713992_2,
2026-01-13,17028713992,Tempo Tuesday with a sprinkle of Quantum and Mavericks ☕️,1,COOLDOWN,4711.0,3859.0,39.737,219.4,271.3,978.0,149.4,178.0,79.5,846.7,102.0,0.904,87.7,,17028713992_1,
2026-01-14,17041049851,Wednesdays 😍,1,RECOVERY,8447.0,6890.0,61.004,150.6,170.6,503.0,112.0,144.0,73.2,1037.6,65.4,0.569,61.9,,17041049851_1,
2026-01-15,17052928837,Punchy on the climbs,1,RECOVERY,8042.0,5606.0,43.307,158.9,250.2,1060.0,124.0,178.0,73.0,890.8,428.0,0.834,108.3,,17052928837_1,
2026-01-17,17075875630,Easy Lovely SG,1,RECOVERY,9851.0,9222.0,76.914,151.4,173.6,738.0,115.2,156.0,78.8,1396.2,142.4,0.579,85.8,,17075875630_1,
2026-01-18,17088773650,Malaysia Trucking,1,RECOVERY,41478.0,26957.0,230.292,143.4,179.1,810.0,119.4,158.0,73.8,3865.6,1058.8,0.597,266.9,,17088773650_1,
2026-01-20,17109772074,Ouch……Mavricks Tuesdays 🚴‍♂️💨,3,RECOVERY,4569.0,3181.0,29.546,157.7,211.2,778.0,134.9,174.0,73.3,501.6,37.4,0.704,43.8,,17109772074_3,
2026-01-20,17109772074,Ouch……Mavricks Tuesdays 🚴‍♂️💨,2,COOLDOWN,1595.0,1498.0,17.453,238.8,274.5,901.0,158.7,177.0,90.2,357.7,29.4,0.915,34.8,,17109772074_2,
2026-01-20,17109772074,Ouch……Mavricks Tuesdays 🚴‍♂️💨,1,COOLDOWN,3223.0,2641.0,25.668,219.5,295.1,1001.0,147.8,185.0,79.1,579.7,204.4,0.984,71.0,,17109772074_1,
2026-01-21,17121732209,“Who is that loud Australian in the bunch ride” 🫣,1,RECOVERY,8326.0,7059.0,61.237,122.0,139.3,622.0,98.2,125.0,69.6,861.2,62.8,0.464,42.3,,17121732209_1,
2026-01-22,17133248785,Great people and great weather,1,RECOVERY,7782.0,5701.0,43.212,146.9,212.6,1131.0,110.3,170.0,70.7,837.5,430.6,0.709,79.5,,17133248785_1,
2026-01-24,17156409535,TDU Day#5 - Quantum chop followed by burgers and coffee at MAAP Lab 😍,4,RECOVERY,11216.0,1775.0,12.065,129.8,174.0,664.0,125.9,156.0,55.8,230.4,61.0,0.58,16.6,,17156409535_4,
2026-01-24,17156409535,TDU Day#5 - Quantum chop followed by burgers and coffee at MAAP Lab 😍,1,RECOVERY,2132.0,1058.0,7.187,148.0,181.8,704.0,112.0,141.0,64.0,156.6,49.0,0.606,10.8,,17156409535_1,
2026-01-24,17156409535,TDU Day#5 - Quantum chop followed by burgers and coffee at MAAP Lab 😍,3,COOLDOWN,6521.0,5406.0,53.722,203.1,261.2,1051.0,151.2,185.0,77.7,1098.0,297.0,0.871,113.8,,17156409535_3,
2026-01-24,17156409535,TDU Day#5 - Quantum chop followed by burgers and coffee at MAAP Lab 😍,2,COOLDOWN,8350.0,8192.0,92.081,241.5,281.6,946.0,155.8,178.0,88.0,1978.4,654.8,0.939,200.5,,17156409535_2,
2026-01-25,17167774576,I guess Sunday PNS bulk is locked in now 🥳,1,RECOVERY,26195.0,17920.0,160.977,149.4,182.1,779.0,117.7,164.0,72.7,2677.2,466.4,0.607,183.4,,17167774576_1,
2026-01-27,17188087742,When you are 100% positive the meetup is at 5:30am 🤦‍♂️,5,RECOVERY,196.0,196.0,1.499,102.9,129.4,265.0,132.9,169.0,64.9,20.2,4.8,0.431,1.0,,17188087742_5,
2026-01-27,17188087742,When you are 100% positive the meetup is at 5:30am 🤦‍♂️,2,INTERVAL,812.0,812.0,7.894,278.1,311.7,612.0,153.2,168.0,83.3,225.8,129.8,1.039,24.3,,17188087742_2,
2026-01-27,17188087742,When you are 100% positive the meetup is at 5:30am 🤦‍♂️,3,RECOVERY,194.0,194.0,1.443,91.0,115.5,289.0,125.9,167.0,62.3,17.7,4.4,0.385,0.8,,17188087742_3,
2026-01-27,17188087742,When you are 100% positive the meetup is at 5:30am 🤦‍♂️,8,INTERVAL,738.0,738.0,7.372,285.1,321.4,703.0,158.0,166.0,81.4,210.4,111.6,1.071,23.5,,17188087742_8,
2026-01-27,17188087742,When you are 100% positive the meetup is at 5:30am 🤦‍♂️,4,INTERVAL,721.0,721.0,7.434,297.6,338.5,650.0,163.7,173.0,86.0,214.6,113.0,1.128,25.5,,17188087742_4,
2026-01-27,17188087742,When you are 100% positive the meetup is at 5:30am 🤦‍♂️,6,INTERVAL,721.0,721.0,7.567,310.5,338.7,744.0,164.4,174.0,83.5,223.9,112.0,1.129,25.5,,17188087742_6,
2026-01-27,17188087742,When you are 100% positive the meetup is at 5:30am 🤦‍♂️,7,RECOVERY,208.0,208.0,1.41,74.5,90.8,335.0,131.2,172.0,59.4,15.5,4.4,0.303,0.5,,17188087742_7,
2026-01-27,17188087742,When you are 100% positive the meetup is at 5:30am 🤦‍♂️,9,RECOVERY,1524.0,1199.0,8.883,122.5,159.5,584.0,121.3,162.0,70.7,146.9,60.6,0.532,9.4,,17188087742_9,
2026-01-27,17188087742,When you are 100% positive the meetup is at 5:30am 🤦‍♂️,1,RECOVERY,2461.0,2088.0,15.872,151.4,191.3,679.0,118.1,144.0,70.2,316.1,99.2,0.638,23.6,,17188087742_1,
2026-01-28,17199826320,The best bunch ride of the week 🥳,1,RECOVERY,8213.0,7121.0,61.232,111.4,144.2,971.0,100.8,143.0,74.2,793.3,69.8,0.481,45.7,,17199826320_1,
2026-01-29,17211114586,Punchy Thursdays,1,COOLDOWN,5718.0,5245.0,38.726,191.1,268.8,1604.0,141.2,181.0,76.9,1002.3,570.4,0.896,117.0,,17211114586_1,
2026-01-30,17222029741,Fridays are popular - must be Rico’s coffee 🤭,1,RECOVERY,6081.0,4753.0,35.986,119.1,157.4,477.0,99.8,136.0,70.9,566.1,211.6,0.525,36.3,,17222029741_1,
2026-01-31,17233652175,1x56t 🥳,3,COOLDOWN,7178.0,5737.0,55.971,195.3,238.4,910.0,147.0,180.0,80.9,1120.4,300.8,0.795,100.6,,17233652175_3,
2026-01-31,17233652175,1x56t 🥳,2,COOLDOWN,7567.0,7420.0,84.166,236.3,277.5,1013.0,154.2,181.0,86.5,1753.3,583.8,0.925,176.4,,17233652175_2,
2026-01-31,17233652175,1x56t 🥳,4,RECOVERY,6104.0,1421.0,9.059,117.5,169.6,819.0,124.7,157.0,49.9,167.0,45.6,0.565,12.6,,17233652175_4,
2026-01-31,17233652175,1x56t 🥳,1,COOLDOWN,1903.0,1586.0,13.639,186.5,227.1,639.0,130.4,162.0,77.7,295.8,114.8,0.757,25.2,,17233652175_1,
2026-02-01,17244657013,Bad legs but good coffee,1,RECOVERY,8448.0,8255.0,65.342,140.6,158.1,499.0,108.5,144.0,77.8,1160.7,90.4,0.527,63.7,,17244657013_1,
2026-02-03,17266037623,Solidified my reputation as always arriving late to the group meetup 🫣,1,COOLDOWN,1674.0,1305.0,11.505,218.5,264.8,740.0,133.8,167.0,77.3,285.1,51.0,0.883,28.2,,17266037623_1,
2026-02-03,17266037623,Solidified my reputation as always arriving late to the group meetup 🫣,2,COOLDOWN,1833.0,1428.0,12.31,204.9,247.9,820.0,137.4,162.0,77.4,292.6,158.8,0.826,27.1,,17266037623_2,
2026-02-03,17266037623,Solidified my reputation as always arriving late to the group meetup 🫣,3,COOLDOWN,4613.0,2275.0,22.388,237.9,314.5,1065.0,160.2,182.0,80.2,541.2,251.6,1.048,69.5,,17266037623_3,
2026-02-04,17278005198,West Coast Wednesdays,1,RECOVERY,8464.0,5223.0,46.655,128.2,162.8,764.0,,,72.2,669.6,136.0,0.543,42.7,,17278005198_1,
2026-02-07,17312611007,Singapore Sling Saturdays 💪,1,COOLDOWN,22989.0,16635.0,158.317,190.5,233.8,1020.0,143.0,187.0,79.3,3169.0,1045.4,0.779,280.7,,17312611007_1,
2026-02-08,17324093583,MAAP MixUp - plus extras with Rico and Ollie,1,RECOVERY,25093.0,15116.0,128.046,146.9,188.2,1262.0,119.4,173.0,73.7,2220.5,542.8,0.627,165.2,,17324093583_1,
2026-02-10,17344619868,"Get to the front, pull a turn, blow up, repeat 😵‍💫",1,RECOVERY,1211.0,933.0,7.287,130.8,193.9,687.0,,,74.9,122.0,17.8,0.646,10.8,,17344619868_1,
2026-02-10,17344619868,"Get to the front, pull a turn, blow up, repeat 😵‍💫",3,COOLDOWN,2280.0,2280.0,26.009,256.1,301.0,1118.0,,,83.9,583.9,70.2,1.003,63.8,,17344619868_3,
2026-02-10,17344619868,"Get to the front, pull a turn, blow up, repeat 😵‍💫",4,RECOVERY,1646.0,1609.0,13.947,160.3,177.0,446.0,,,77.8,257.9,36.2,0.59,15.6,,17344619868_4,
2026-02-10,17344619868,"Get to the front, pull a turn, blow up, repeat 😵‍💫",2,INTERVAL,408.0,408.0,4.94,347.4,370.1,869.0,,,88.3,141.7,9.4,1.234,17.2,,17344619868_2,
2026-02-11,17356802958,"Highway riding is still a novelty
🚴‍♂️💨",1,RECOVERY,7483.0,5379.0,46.632,118.7,149.3,706.0,104.4,134.0,71.8,638.5,140.2,0.498,37.0,,17356802958_1,
2026-02-12,17368099382,I need to find some new friends 🥵,20,COOLDOWN,91.0,91.0,0.766,294.5,,,170.8,173.0,94.8,26.8,18.2,,,,,
2026-02-12,17368099382,I need to find some new friends 🥵,15,RECOVERY,64.0,64.0,0.776,142.2,207.2,662.0,168.4,176.0,76.7,9.1,0.0,0.691,0.8,,17368099382_15,
2026-02-12,17368099382,I need to find some new friends 🥵,12,COOLDOWN,85.0,85.0,0.758,386.8,482.7,650.0,172.6,175.0,96.5,32.9,17.4,1.609,6.1,,17368099382_12,
2026-02-12,17368099382,I need to find some new friends 🥵,3,RECOVERY,22.0,22.0,0.237,178.8,,394.0,177.5,179.0,79.5,3.9,1.8,,,,17368099382_3,
2026-02-12,17368099382,I need to find some new friends 🥵,4,INTERVAL,151.0,151.0,1.54,293.4,322.9,629.0,167.8,175.0,87.2,44.3,18.0,1.076,4.9,,17368099382_4,
2026-02-12,17368099382,I need to find some new friends 🥵,36,COOLDOWN,87.0,87.0,0.75,251.4,415.1,609.0,171.0,174.0,91.9,21.9,17.4,1.384,4.6,,17368099382_36,
2026-02-12,17368099382,I need to find some new friends 🥵,5,COOLDOWN,26.0,26.0,0.177,548.5,,666.0,175.7,180.0,85.7,14.3,15.6,,,,17368099382_5,
2026-02-12,17368099382,I need to find some new friends 🥵,9,COOLDOWN,28.0,28.0,0.18,532.9,,696.0,178.4,182.0,85.3,14.9,16.0,,,,17368099382_9,
2026-02-12,17368099382,I need to find some new friends 🥵,6,RECOVERY,23.0,23.0,0.236,55.1,,237.0,178.3,180.0,71.6,1.3,1.4,,,,17368099382_6,
2026-02-12,17368099382,I need to find some new friends 🥵,37,RECOVERY,3503.0,1657.0,10.699,85.0,158.6,589.0,121.2,174.0,60.1,140.8,113.8,0.529,12.9,,17368099382_37,
2026-02-12,17368099382,I need to find some new friends 🥵,19,COOLDOWN,63.0,63.0,0.777,205.4,256.5,637.0,168.8,174.0,82.3,12.9,0.0,0.855,1.3,,17368099382_19,
2026-02-12,17368099382,I need to find some new friends 🥵,14,RECOVERY,24.0,24.0,0.242,43.8,,193.0,179.6,181.0,59.6,1.1,1.2,,,,17368099382_14,
2026-02-12,17368099382,I need to find some new friends 🥵,8,COOLDOWN,87.0,87.0,0.776,318.1,329.0,656.0,170.7,173.0,94.6,27.7,17.6,1.097,2.9,,17368099382_8,
2026-02-12,17368099382,I need to find some new friends 🥵,37,RECOVERY,3503.0,1657.0,10.699,85.0,,,121.2,174.0,60.1,140.8,113.8,,,,,
2026-02-12,17368099382,I need to find some new friends 🥵,21,COOLDOWN,31.0,31.0,0.172,461.2,478.5,555.0,175.3,179.0,81.2,14.3,15.4,1.595,2.2,,17368099382_21,
2026-02-12,17368099382,I need to find some new friends 🥵,18,RECOVERY,24.0,24.0,0.238,29.7,,145.0,175.8,177.0,52.4,0.7,1.2,,,,17368099382_18,
2026-02-12,17368099382,I need to find some new friends 🥵,11,COOLDOWN,63.0,63.0,0.781,201.4,252.1,432.0,173.1,176.0,81.2,12.7,0.0,0.84,1.2,,17368099382_11,
2026-02-12,17368099382,I need to find some new friends 🥵,1,RECOVERY,1727.0,1460.0,10.97,174.3,266.7,824.0,120.2,174.0,77.4,254.5,120.8,0.889,32.1,,17368099382_1,
2026-02-12,17368099382,I need to find some new friends 🥵,31,RECOVERY,62.0,62.0,0.774,112.4,,,170.0,178.0,78.3,7.0,0.0,,,,,
2026-02-12,17368099382,I need to find some new friends 🥵,20,COOLDOWN,91.0,91.0,0.766,294.5,293.3,576.0,170.8,173.0,94.8,26.8,18.2,0.978,2.4,,17368099382_20,
2026-02-12,17368099382,I need to find some new friends 🥵,10,RECOVERY,22.0,22.0,0.225,33.4,,178.0,179.9,182.0,45.7,0.7,1.0,,,,17368099382_10,
2026-02-12,17368099382,I need to find some new friends 🥵,35,RECOVERY,62.0,62.0,0.771,163.5,180.1,647.0,170.3,177.0,78.4,10.1,0.0,0.6,0.6,,17368099382_35,
2026-02-12,17368099382,I need to find some new friends 🥵,17,COOLDOWN,31.0,31.0,0.181,501.2,506.7,594.0,170.8,176.0,85.5,15.5,15.4,1.689,2.5,,17368099382_17,
2026-02-12,17368099382,I need to find some new friends 🥵,16,COOLDOWN,92.0,92.0,0.758,246.0,304.2,569.0,166.3,169.0,94.7,22.6,18.0,1.014,2.6,,17368099382_16,
2026-02-12,17368099382,I need to find some new friends 🥵,23,RECOVERY,63.0,63.0,0.77,141.2,174.2,465.0,168.9,177.0,71.9,8.9,0.0,0.581,0.6,,17368099382_23,
2026-02-12,17368099382,I need to find some new friends 🥵,7,RECOVERY,61.0,61.0,0.759,178.6,220.4,481.0,169.3,175.0,85.7,10.9,0.0,0.735,0.9,,17368099382_7,
2026-02-12,17368099382,I need to find some new friends 🥵,2,COOLDOWN,30.0,30.0,0.18,507.4,513.9,619.0,175.0,179.0,85.0,15.2,16.0,1.713,2.4,,17368099382_2,
2026-02-12,17368099382,I need to find some new friends 🥵,13,COOLDOWN,29.0,29.0,0.181,332.1,293.1,532.0,177.8,182.0,85.0,9.6,15.6,0.977,0.8,,17368099382_13,
2026-02-12,17368099382,I need to find some new friends 🥵,27,RECOVERY,63.0,63.0,0.773,160.8,200.0,675.0,168.2,176.0,75.3,10.1,0.0,0.667,0.8,,17368099382_27,
2026-02-12,17368099382,I need to find some new friends 🥵,26,RECOVERY,24.0,24.0,0.239,71.8,,,177.6,178.0,72.6,1.7,1.2,,,,,
2026-02-12,17368099382,I need to find some new friends 🥵,34,RECOVERY,24.0,24.0,0.239,83.7,,,179.4,181.0,81.1,2.0,1.2,,,,,
2026-02-12,17368099382,I need to find some new friends 🥵,31,RECOVERY,62.0,62.0,0.774,112.4,133.9,324.0,170.0,178.0,78.3,7.0,0.0,0.446,0.3,,17368099382_31,
2026-02-12,17368099382,I need to find some new friends 🥵,25,COOLDOWN,29.0,29.0,0.177,493.5,509.9,607.0,174.0,178.0,93.3,14.3,15.0,1.7,2.3,,17368099382_25,
2026-02-12,17368099382,I need to find some new friends 🥵,32,COOLDOWN,90.0,90.0,0.755,297.3,,,170.5,173.0,88.2,26.8,17.4,,,,,
2026-02-12,17368099382,I need to find some new friends 🥵,23,RECOVERY,63.0,63.0,0.77,141.2,,,168.9,177.0,71.9,8.9,0.0,,,,,
2026-02-12,17368099382,I need to find some new friends 🥵,29,COOLDOWN,32.0,32.0,0.175,445.3,446.1,513.0,177.6,181.0,79.0,14.2,15.6,1.487,2.0,,17368099382_29,
2026-02-12,17368099382,I need to find some new friends 🥵,26,RECOVERY,24.0,24.0,0.239,71.8,,146.0,177.6,178.0,72.6,1.7,1.2,,,,17368099382_26,
2026-02-12,17368099382,I need to find some new friends 🥵,24,COOLDOWN,90.0,90.0,0.762,267.1,274.0,612.0,169.3,172.0,93.7,24.0,18.0,0.913,2.1,,17368099382_24,
2026-02-12,17368099382,I need to find some new friends 🥵,28,COOLDOWN,88.0,88.0,0.764,359.5,461.8,697.0,171.2,175.0,96.9,31.6,17.2,1.539,5.8,,17368099382_28,
2026-02-12,17368099382,I need to find some new friends 🥵,32,COOLDOWN,90.0,90.0,0.755,297.3,296.9,593.0,170.5,173.0,88.2,26.8,17.4,0.99,2.4,,17368099382_32,
2026-02-12,17368099382,I need to find some new friends 🥵,25,COOLDOWN,29.0,29.0,0.177,493.5,,,174.0,178.0,93.3,14.3,15.0,,,,,
2026-02-12,17368099382,I need to find some new friends 🥵,30,RECOVERY,24.0,24.0,0.241,107.9,,323.0,180.1,181.0,74.6,2.6,1.0,,,,17368099382_30,
2026-02-12,17368099382,I need to find some new friends 🥵,35,RECOVERY,62.0,62.0,0.771,163.5,,,170.3,177.0,78.4,10.1,0.0,,,,,
2026-02-12,17368099382,I need to find some new friends 🥵,22,RECOVERY,24.0,24.0,0.243,91.7,,301.0,178.7,180.0,79.1,2.2,1.2,,,,17368099382_22,
2026-02-12,17368099382,I need to find some new friends 🥵,33,COOLDOWN,32.0,32.0,0.18,321.5,287.9,532.0,176.1,179.0,81.1,10.3,15.8,0.96,0.8,,17368099382_33,
2026-02-12,17368099382,I need to find some new friends 🥵,19,COOLDOWN,63.0,63.0,0.777,205.4,,,168.8,174.0,82.3,12.9,0.0,,,,,
2026-02-12,17368099382,I need to find some new friends 🥵,24,COOLDOWN,90.0,90.0,0.762,267.1,,,169.3,172.0,93.7,24.0,18.0,,,,,
2026-02-12,17368099382,I need to find some new friends 🥵,30,RECOVERY,24.0,24.0,0.241,107.9,,,180.1,181.0,74.6,2.6,1.0,,,,,
2026-02-12,17368099382,I need to find some new friends 🥵,27,RECOVERY,63.0,63.0,0.773,160.8,,,168.2,176.0,75.3,10.1,0.0,,,,,
2026-02-12,17368099382,I need to find some new friends 🥵,22,RECOVERY,24.0,24.0,0.243,91.7,,,178.7,180.0,79.1,2.2,1.2,,,,,
2026-02-12,17368099382,I need to find some new friends 🥵,21,COOLDOWN,31.0,31.0,0.172,461.2,,,175.3,179.0,81.2,14.3,15.4,,,,,
2026-02-12,17368099382,I need to find some new friends 🥵,33,COOLDOWN,32.0,32.0,0.18,321.5,,,176.1,179.0,81.1,10.3,15.8,,,,,
2026-02-12,17368099382,I need to find some new friends 🥵,28,COOLDOWN,88.0,88.0,0.764,359.5,,,171.2,175.0,96.9,31.6,17.2,,,,,
2026-02-12,17368099382,I need to find some new friends 🥵,29,COOLDOWN,32.0,32.0,0.175,445.3,,,177.6,181.0,79.0,14.2,15.6,,,,,
2026-02-12,17368099382,I need to find some new friends 🥵,34,RECOVERY,24.0,24.0,0.239,83.7,,161.0,179.4,181.0,81.1,2.0,1.2,,,,17368099382_34,
2026-02-12,17368099382,I need to find some new friends 🥵,36,COOLDOWN,87.0,87.0,0.75,251.4,,,171.0,174.0,91.9,21.9,17.4,,,,,
2026-02-13,17379372499,Been a while since my last Alex Edney rider brief 😁,1,RECOVERY,9400.0,4235.0,34.02,0.4,11.2,180.0,97.8,127.0,37.2,1.7,71.4,0.037,0.2,,17379372499_1,
2026-02-14,17390228123,Valentine’s Day with the QRA train,8,COOLDOWN,229.0,229.0,2.842,234.2,271.9,602.0,160.1,168.0,92.8,53.6,6.4,0.906,5.2,,17390228123_8,
2026-02-14,17390228123,Valentine’s Day with the QRA train,7,COOLDOWN,769.0,769.0,8.563,219.6,272.8,778.0,154.1,171.0,84.2,168.9,87.0,0.909,17.7,,17390228123_7,
2026-02-14,17390228123,Valentine’s Day with the QRA train,6,COOLDOWN,1216.0,1193.0,14.452,232.4,277.0,980.0,158.2,175.0,87.7,277.3,52.8,0.923,28.3,,17390228123_6,
2026-02-14,17390228123,Valentine’s Day with the QRA train,9,RECOVERY,11365.0,7684.0,70.155,167.7,204.5,716.0,136.7,176.0,76.5,1288.6,199.8,0.682,99.2,,17390228123_9,
2026-02-14,17390228123,Valentine’s Day with the QRA train,1,RECOVERY,2852.0,1722.0,13.251,150.0,193.7,825.0,117.2,155.0,77.0,258.3,90.6,0.646,19.9,,17390228123_1,
2026-02-14,17390228123,Valentine’s Day with the QRA train,2,INTERVAL,640.0,640.0,7.533,305.5,333.5,643.0,166.7,181.0,89.6,195.5,64.8,1.112,22.0,,17390228123_2,
2026-02-14,17390228123,Valentine’s Day with the QRA train,5,COOLDOWN,1436.0,1258.0,13.908,224.5,271.4,797.0,156.7,181.0,84.9,282.4,65.8,0.905,28.6,,17390228123_5,
2026-02-14,17390228123,Valentine’s Day with the QRA train,3,COOLDOWN,1323.0,1323.0,15.982,242.4,299.7,809.0,163.7,181.0,85.4,320.7,137.4,0.999,36.7,,17390228123_3,
2026-02-14,17390228123,Valentine’s Day with the QRA train,4,COOLDOWN,1508.0,1508.0,16.216,221.6,268.1,695.0,157.4,175.0,86.8,334.2,128.4,0.894,33.5,,17390228123_4,
2026-02-15,17401585711,Easy Lovely - I’m hoping E/L rides catch on in Singapore,1,RECOVERY,20106.0,12357.0,87.559,142.8,177.1,505.0,112.0,143.0,74.4,1764.6,729.6,0.59,119.6,,17401585711_1,
2026-02-17,17423429563,CNY Day Rave 🥳,1,RECOVERY,23478.0,12582.0,106.118,139.6,181.2,1062.0,111.2,171.0,73.2,1756.4,382.4,0.604,127.5,,17423429563_1,
2026-02-18,17435279879,3 Peaks Training Ride,1,RECOVERY,23691.0,13993.0,91.418,150.6,206.9,725.0,117.9,161.0,72.0,2107.3,1544.8,0.69,184.9,,17435279879_1,
2026-02-19,17444993963,Next Wednesday won’t be fun 🥵,5,RECOVERY,4.0,4.0,0.026,0.0,,0.0,103.0,105.0,0.0,0.0,0.0,,,,17444993963_5,
2026-02-19,17444993963,Next Wednesday won’t be fun 🥵,2,INTERVAL,245.0,245.0,1.551,377.0,377.9,672.0,159.0,172.0,84.3,92.4,79.0,1.26,10.8,,17444993963_2,
2026-02-19,17444993963,Next Wednesday won’t be fun 🥵,1,RECOVERY,6111.0,4779.0,34.991,140.6,184.1,627.0,109.7,143.0,75.4,671.9,327.2,0.614,50.0,,17444993963_1,
2026-02-19,17444993963,Next Wednesday won’t be fun 🥵,4,RECOVERY,941.0,735.0,5.278,113.2,135.2,365.0,109.2,128.0,71.1,83.2,10.8,0.451,4.1,,17444993963_4,
2026-02-19,17444993963,Next Wednesday won’t be fun 🥵,3,RECOVERY,739.0,230.0,1.51,12.8,54.6,206.0,98.9,172.0,24.3,2.9,4.2,0.182,0.2,,17444993963_3,
2026-02-21,17467247705,Sprinting to claim the KOM weekend points ahead of Ollie 😁,1,COOLDOWN,19259.0,14078.0,138.595,200.7,250.9,990.0,136.4,184.0,79.4,2825.5,916.2,0.836,273.5,,17467247705_1,
2026-02-21,17467247705,Sprinting to claim the KOM weekend points ahead of Ollie 😁,2,RECOVERY,2.0,2.0,0.017,0.0,,0.0,108.2,109.0,13.4,0.0,0.0,,,,17467247705_2,
2026-02-22,17478804850,When Kyle calls the park rangers to block off the segment 🤔,11,COOLDOWN,406.0,406.0,1.601,209.6,213.7,404.0,129.3,142.0,86.3,85.1,79.2,0.712,5.7,,17478804850_11,
2026-02-22,17478804850,When Kyle calls the park rangers to block off the segment 🤔,14,RECOVERY,202.0,202.0,1.451,23.3,202.8,531.0,106.4,153.0,28.4,4.7,2.2,0.676,2.6,,17478804850_14,
2026-02-22,17478804850,When Kyle calls the park rangers to block off the segment 🤔,13,COOLDOWN,382.0,382.0,1.606,223.7,227.4,490.0,130.8,148.0,85.2,85.5,79.6,0.758,6.1,,17478804850_13,
2026-02-22,17478804850,When Kyle calls the park rangers to block off the segment 🤔,16,RECOVERY,4029.0,3860.0,23.681,157.8,203.7,550.0,128.3,154.0,78.7,609.1,473.6,0.679,49.4,,17478804850_16,
2026-02-22,17478804850,When Kyle calls the park rangers to block off the segment 🤔,15,COOLDOWN,396.0,396.0,1.619,218.5,221.9,432.0,129.7,153.0,83.2,86.5,79.0,0.74,6.0,,17478804850_15,
2026-02-22,17478804850,When Kyle calls the park rangers to block off the segment 🤔,10,RECOVERY,135.0,135.0,1.432,60.9,174.2,375.0,117.5,143.0,71.9,8.2,2.4,0.581,1.3,,17478804850_10,
2026-02-22,17478804850,When Kyle calls the park rangers to block off the segment 🤔,1,RECOVERY,7128.0,5044.0,32.024,158.3,297.5,1169.0,128.1,180.0,76.3,798.5,485.2,0.992,137.8,,17478804850_1,
2026-02-22,17478804850,When Kyle calls the park rangers to block off the segment 🤔,2,RECOVERY,131.0,131.0,1.429,104.3,238.3,591.0,131.3,150.0,60.6,13.7,2.8,0.794,2.3,,17478804850_2,
2026-02-22,17478804850,When Kyle calls the park rangers to block off the segment 🤔,8,RECOVERY,278.0,278.0,1.461,6.8,177.0,509.0,95.7,148.0,31.5,1.9,2.4,0.59,2.7,,17478804850_8,
2026-02-22,17478804850,When Kyle calls the park rangers to block off the segment 🤔,4,RECOVERY,150.0,150.0,1.433,51.5,191.3,397.0,117.0,148.0,56.2,7.7,3.2,0.638,1.7,,17478804850_4,
2026-02-22,17478804850,When Kyle calls the park rangers to block off the segment 🤔,9,COOLDOWN,426.0,426.0,1.606,200.3,204.3,410.0,123.8,140.0,83.6,85.3,79.8,0.681,5.5,,17478804850_9,
2026-02-22,17478804850,When Kyle calls the park rangers to block off the segment 🤔,3,COOLDOWN,406.0,406.0,1.609,210.2,214.0,432.0,130.6,144.0,83.5,85.3,80.0,0.713,5.7,,17478804850_3,
2026-02-22,17478804850,When Kyle calls the park rangers to block off the segment 🤔,12,RECOVERY,154.0,154.0,1.435,55.6,168.9,360.0,113.7,146.0,57.2,8.6,3.2,0.563,1.4,,17478804850_12,
2026-02-22,17478804850,When Kyle calls the park rangers to block off the segment 🤔,5,COOLDOWN,407.0,407.0,1.598,207.7,215.0,419.0,127.3,146.0,86.0,84.5,79.6,0.717,5.8,,17478804850_5,
2026-02-22,17478804850,When Kyle calls the park rangers to block off the segment 🤔,7,COOLDOWN,396.0,396.0,1.61,218.0,223.9,416.0,131.1,148.0,85.0,86.3,80.2,0.746,6.1,,17478804850_7,
2026-02-22,17478804850,When Kyle calls the park rangers to block off the segment 🤔,6,RECOVERY,132.0,132.0,1.436,75.4,224.2,488.0,123.9,146.0,62.4,10.0,2.8,0.747,2.0,,17478804850_6,
2026-02-25,17511933722,Dipping the toe in the water,14,RECOVERY,101.0,101.0,1.074,17.6,32.0,297.0,155.0,175.0,53.1,1.8,0.0,0.107,0.0,,17511933722_14,
2026-02-25,17511933722,Dipping the toe in the water,15,RECOVERY,24.0,24.0,0.234,104.3,,414.0,132.7,135.0,60.4,2.5,0.0,,,,17511933722_15,
2026-02-25,17511933722,Dipping the toe in the water,10,RECOVERY,18.0,18.0,0.201,28.4,,436.0,141.9,144.0,51.2,0.5,0.0,,,,17511933722_10,
2026-02-25,17511933722,Dipping the toe in the water,18,RECOVERY,82.0,82.0,0.308,110.7,133.8,215.0,122.2,125.0,68.0,9.1,8.4,0.446,0.5,,17511933722_18,
2026-02-25,17511933722,Dipping the toe in the water,6,RECOVERY,102.0,102.0,1.159,22.6,32.6,368.0,156.6,176.0,52.5,2.3,0.0,0.109,0.0,,17511933722_6,
2026-02-25,17511933722,Dipping the toe in the water,17,RECOVERY,122.0,122.0,1.258,13.0,90.5,240.0,149.4,175.0,54.6,1.6,1.0,0.302,0.3,,17511933722_17,
2026-02-25,17511933722,Dipping the toe in the water,12,INTERVAL,230.0,230.0,1.275,330.0,340.6,484.0,168.4,175.0,84.6,75.9,65.4,1.135,8.2,,17511933722_12,
2026-02-25,17511933722,Dipping the toe in the water,2,INTERVAL,224.0,224.0,1.395,374.4,376.9,521.0,161.8,176.0,85.6,83.9,71.6,1.256,9.8,,17511933722_2,
2026-02-25,17511933722,Dipping the toe in the water,7,COOLDOWN,41.0,41.0,0.272,318.8,280.4,492.0,143.3,150.0,90.1,13.1,8.4,0.935,1.0,,17511933722_7,
2026-02-25,17511933722,Dipping the toe in the water,11,COOLDOWN,34.0,34.0,0.207,343.7,371.9,442.0,146.9,154.0,97.6,11.7,8.6,1.24,1.5,,17511933722_11,
2026-02-25,17511933722,Dipping the toe in the water,8,INTERVAL,212.0,212.0,1.268,361.8,369.4,551.0,169.6,180.0,90.6,76.7,65.4,1.231,8.9,,17511933722_8,
2026-02-25,17511933722,Dipping the toe in the water,16,INTERVAL,256.0,256.0,1.449,331.0,336.4,553.0,165.7,175.0,88.1,84.7,74.0,1.121,8.9,,17511933722_16,
2026-02-25,17511933722,Dipping the toe in the water,19,COOLDOWN,410.0,410.0,1.484,193.6,201.0,502.0,135.8,150.0,78.3,79.4,73.6,0.67,5.1,,17511933722_19,
2026-02-25,17511933722,Dipping the toe in the water,5,INTERVAL,237.0,237.0,1.441,356.3,368.0,549.0,167.4,177.0,89.0,84.4,71.2,1.227,9.9,,17511933722_5,
2026-02-25,17511933722,Dipping the toe in the water,21,RECOVERY,16.0,16.0,0.063,120.4,,206.0,109.5,113.0,84.3,1.9,0.0,,,,17511933722_21,
2026-02-25,17511933722,Dipping the toe in the water,13,RECOVERY,1.0,1.0,0.01,126.0,,176.0,175.0,175.0,75.0,0.1,0.2,,,,17511933722_13,
2026-02-25,17511933722,Dipping the toe in the water,20,RECOVERY,136.0,136.0,1.254,0.0,34.4,115.0,122.5,150.0,16.4,0.0,0.2,0.115,0.0,,17511933722_20,
2026-02-25,17511933722,Dipping the toe in the water,1,COOLDOWN,3082.0,2273.0,14.924,185.7,259.2,659.0,128.7,163.0,75.7,422.1,262.0,0.864,47.1,,17511933722_1,
2026-02-25,17511933722,Dipping the toe in the water,20,RECOVERY,136.0,136.0,1.254,0.0,,,122.5,150.0,16.4,0.0,0.2,,,,,
2026-02-25,17511933722,Dipping the toe in the water,21,RECOVERY,16.0,16.0,0.063,120.4,,,109.5,113.0,84.3,1.9,0.0,,,,,
2026-02-25,17511933722,Dipping the toe in the water,9,RECOVERY,101.0,101.0,1.086,28.2,102.1,389.0,163.4,180.0,57.5,2.8,1.0,0.34,0.3,,17511933722_9,
2026-02-25,17511933722,Dipping the toe in the water,22,RECOVERY,2023.0,1056.0,6.497,113.1,146.6,466.0,115.5,139.0,70.2,119.4,52.0,0.489,7.0,,17511933722_22,
2026-02-25,17511933722,Dipping the toe in the water,22,RECOVERY,2023.0,1056.0,6.497,113.1,,,115.5,139.0,70.2,119.4,52.0,,,,,
2026-02-25,17511933722,Dipping the toe in the water,3,RECOVERY,109.0,109.0,1.213,43.0,110.7,427.0,157.5,175.0,58.0,4.7,0.6,0.369,0.4,,17511933722_3,
2026-02-25,17511933722,Dipping the toe in the water,19,COOLDOWN,410.0,410.0,1.484,193.6,,,135.8,150.0,78.3,79.4,73.6,,,,,
2026-02-25,17511933722,Dipping the toe in the water,4,COOLDOWN,25.0,25.0,0.17,258.2,,483.0,139.3,141.0,92.4,6.5,3.4,,,,17511933722_4,
2026-02-28,17547869457,The hardest segment was just getting out of bed in the morning 😴,1,RECOVERY,15975.0,11346.0,106.303,177.6,207.5,714.0,134.3,172.0,78.3,2015.0,282.8,0.692,150.8,,17547869457_1,
2026-03-01,17559847335,Fabers and ECP Sunday Cruise,29,COOLDOWN,5598.0,4160.0,36.943,191.6,209.4,575.0,144.1,175.0,83.7,797.1,75.6,0.698,56.3,,17559847335_29,
2026-03-01,17559847335,Fabers and ECP Sunday Cruise,10,INTERVAL,259.0,259.0,1.521,341.9,340.1,564.0,175.2,185.0,89.5,88.6,74.8,1.134,9.2,,17559847335_10,
2026-03-01,17559847335,Fabers and ECP Sunday Cruise,26,RECOVERY,188.0,188.0,1.308,3.5,38.2,123.0,112.3,162.0,20.9,0.7,0.0,0.127,0.1,,17559847335_26,
2026-03-01,17559847335,Fabers and ECP Sunday Cruise,15,COOLDOWN,558.0,406.0,1.534,195.7,204.5,377.0,138.3,147.0,78.6,79.5,75.4,0.682,5.2,,17559847335_15,
2026-03-01,17559847335,Fabers and ECP Sunday Cruise,13,COOLDOWN,435.0,435.0,1.535,183.9,193.2,366.0,139.2,151.0,79.0,80.0,75.2,0.644,5.0,,17559847335_13,
2026-03-01,17559847335,Fabers and ECP Sunday Cruise,6,INTERVAL,260.0,260.0,1.533,345.7,342.7,541.0,173.1,183.0,93.5,89.9,75.0,1.142,9.4,,17559847335_6,
2026-03-01,17559847335,Fabers and ECP Sunday Cruise,3,RECOVERY,110.0,110.0,1.305,49.8,93.8,355.0,151.0,171.0,58.2,5.5,0.4,0.313,0.3,,17559847335_3,
2026-03-01,17559847335,Fabers and ECP Sunday Cruise,19,COOLDOWN,358.0,358.0,1.523,226.9,234.8,425.0,138.5,155.0,86.0,81.2,75.4,0.783,6.1,,17559847335_19,
2026-03-01,17559847335,Fabers and ECP Sunday Cruise,30,RECOVERY,2198.0,1336.0,10.6,161.2,193.4,502.0,138.2,167.0,74.2,215.4,37.6,0.645,15.4,,17559847335_30,
2026-03-01,17559847335,Fabers and ECP Sunday Cruise,9,RECOVERY,107.0,107.0,1.276,49.6,69.7,440.0,165.3,181.0,61.2,5.3,0.0,0.232,0.2,,17559847335_9,
2026-03-01,17559847335,Fabers and ECP Sunday Cruise,1,RECOVERY,752.0,716.0,5.854,143.9,155.4,452.0,108.7,128.0,77.5,103.0,9.8,0.518,5.3,,17559847335_1,
2026-03-01,17559847335,Fabers and ECP Sunday Cruise,2,INTERVAL,265.0,265.0,1.534,338.3,336.1,576.0,158.1,171.0,87.1,89.6,78.2,1.12,9.2,,17559847335_2,
2026-03-01,17559847335,Fabers and ECP Sunday Cruise,5,RECOVERY,103.0,103.0,1.283,159.3,180.5,701.0,172.6,180.0,67.5,16.4,0.0,0.602,1.0,,17559847335_5,
2026-03-01,17559847335,Fabers and ECP Sunday Cruise,28,RECOVERY,118.0,118.0,1.283,13.0,48.3,271.0,100.6,115.0,47.2,1.5,0.2,0.161,0.1,,17559847335_28,
2026-03-01,17559847335,Fabers and ECP Sunday Cruise,27,COOLDOWN,665.0,360.0,1.534,223.9,234.8,490.0,139.4,156.0,82.3,80.6,75.2,0.783,6.1,,17559847335_27,
2026-03-01,17559847335,Fabers and ECP Sunday Cruise,7,RECOVERY,109.0,109.0,1.286,55.6,98.1,453.0,165.9,183.0,67.8,6.1,0.0,0.327,0.3,,17559847335_7,
2026-03-01,17559847335,Fabers and ECP Sunday Cruise,4,INTERVAL,257.0,257.0,1.517,317.1,325.1,482.0,164.6,179.0,91.5,81.5,74.8,1.084,8.4,,17559847335_4,
2026-03-01,17559847335,Fabers and ECP Sunday Cruise,8,INTERVAL,259.0,259.0,1.506,333.3,339.9,496.0,173.2,182.0,91.9,86.3,75.2,1.133,9.2,,17559847335_8,
2026-03-01,17559847335,Fabers and ECP Sunday Cruise,17,COOLDOWN,368.0,368.0,1.525,218.3,227.5,421.0,135.6,152.0,83.4,80.3,75.6,0.758,5.9,,17559847335_17,
2026-03-01,17559847335,Fabers and ECP Sunday Cruise,11,RECOVERY,113.0,113.0,1.288,63.4,68.2,790.0,167.6,185.0,66.4,7.2,0.0,0.227,0.2,,17559847335_11,
2026-03-01,17559847335,Fabers and ECP Sunday Cruise,16,RECOVERY,149.0,149.0,1.304,8.7,23.5,153.0,98.1,117.0,28.2,1.3,0.0,0.078,0.0,,17559847335_16,
2026-03-01,17559847335,Fabers and ECP Sunday Cruise,22,RECOVERY,138.0,138.0,1.292,3.6,4.9,229.0,119.3,159.0,20.7,0.5,0.0,0.016,0.0,,17559847335_22,
2026-03-01,17559847335,Fabers and ECP Sunday Cruise,29,COOLDOWN,5598.0,4160.0,36.943,191.6,,,144.1,175.0,83.7,797.1,75.6,,,,,
2026-03-01,17559847335,Fabers and ECP Sunday Cruise,24,RECOVERY,138.0,138.0,1.306,20.2,,,124.1,165.0,42.6,2.8,0.0,,,,,
2026-03-01,17559847335,Fabers and ECP Sunday Cruise,23,COOLDOWN,325.0,325.0,1.504,252.5,269.3,514.0,143.1,166.0,84.9,82.1,75.0,0.898,7.3,,17559847335_23,
2026-03-01,17559847335,Fabers and ECP Sunday Cruise,12,RECOVERY,1404.0,57.0,0.217,114.4,115.5,206.0,130.9,146.0,62.9,6.5,6.0,0.385,0.2,,17559847335_12,
2026-03-01,17559847335,Fabers and ECP Sunday Cruise,22,RECOVERY,138.0,138.0,1.292,3.6,,,119.3,159.0,20.7,0.5,0.0,,,,,
2026-03-01,17559847335,Fabers and ECP Sunday Cruise,25,COOLDOWN,336.0,336.0,1.518,240.6,247.8,456.0,145.5,161.0,84.7,80.8,74.6,0.826,6.4,,17559847335_25,
2026-03-01,17559847335,Fabers and ECP Sunday Cruise,14,RECOVERY,125.0,125.0,1.295,5.4,12.2,189.0,120.6,148.0,21.1,0.7,0.0,0.041,0.0,,17559847335_14,
2026-03-01,17559847335,Fabers and ECP Sunday Cruise,23,COOLDOWN,325.0,325.0,1.504,252.5,,,143.1,166.0,84.9,82.1,75.0,,,,,
2026-03-01,17559847335,Fabers and ECP Sunday Cruise,26,RECOVERY,188.0,188.0,1.308,3.5,,,112.3,162.0,20.9,0.7,0.0,,,,,
2026-03-01,17559847335,Fabers and ECP Sunday Cruise,28,RECOVERY,118.0,118.0,1.283,13.0,,,100.6,115.0,47.2,1.5,0.2,,,,,
2026-03-01,17559847335,Fabers and ECP Sunday Cruise,30,RECOVERY,2198.0,1336.0,10.6,161.2,,,138.2,167.0,74.2,215.4,37.6,,,,,
2026-03-01,17559847335,Fabers and ECP Sunday Cruise,19,COOLDOWN,358.0,358.0,1.523,226.9,,,138.5,155.0,86.0,81.2,75.4,,,,,
2026-03-01,17559847335,Fabers and ECP Sunday Cruise,27,COOLDOWN,665.0,360.0,1.534,223.9,,,139.4,156.0,82.3,80.6,75.2,,,,,
2026-03-01,17559847335,Fabers and ECP Sunday Cruise,24,RECOVERY,138.0,138.0,1.306,20.2,40.5,220.0,124.1,165.0,42.6,2.8,0.0,0.135,0.1,,17559847335_24,
2026-03-01,17559847335,Fabers and ECP Sunday Cruise,20,RECOVERY,113.0,113.0,1.289,48.7,,,128.0,154.0,54.5,5.5,0.0,,,,,
2026-03-01,17559847335,Fabers and ECP Sunday Cruise,21,COOLDOWN,338.0,338.0,1.519,241.3,,,142.9,159.0,87.8,81.6,74.6,,,,,
2026-03-01,17559847335,Fabers and ECP Sunday Cruise,18,RECOVERY,134.0,134.0,1.286,30.1,60.1,584.0,120.2,151.0,44.4,4.0,0.0,0.2,0.1,,17559847335_18,
2026-03-01,17559847335,Fabers and ECP Sunday Cruise,25,COOLDOWN,336.0,336.0,1.518,240.6,,,145.5,161.0,84.7,80.8,74.6,,,,,
2026-03-01,17559847335,Fabers and ECP Sunday Cruise,20,RECOVERY,113.0,113.0,1.289,48.7,102.9,412.0,128.0,154.0,54.5,5.5,0.0,0.343,0.4,,17559847335_20,
2026-03-01,17559847335,Fabers and ECP Sunday Cruise,21,COOLDOWN,338.0,338.0,1.519,241.3,247.2,407.0,142.9,159.0,87.8,81.6,74.6,0.824,6.4,,17559847335_21,
2026-03-03,17581670855,Tempo Tuesdays - excellent group as always 😁,7,RECOVERY,75.0,75.0,0.664,156.6,180.2,284.0,132.0,134.0,84.7,11.7,0.4,0.601,0.8,,17581670855_7,
2026-03-03,17581670855,Tempo Tuesdays - excellent group as always 😁,9,RECOVERY,777.0,745.0,6.035,145.6,173.6,418.0,129.2,148.0,73.9,108.5,18.6,0.579,6.9,,17581670855_9,
2026-03-03,17581670855,Tempo Tuesdays - excellent group as always 😁,4,COOLDOWN,84.0,84.0,1.026,253.0,265.5,794.0,175.8,177.0,80.1,21.3,2.6,0.885,1.8,,17581670855_4,
2026-03-03,17581670855,Tempo Tuesdays - excellent group as always 😁,6,RECOVERY,627.0,615.0,5.055,141.6,160.9,409.0,134.6,147.0,77.1,87.1,16.2,0.536,4.9,,17581670855_6,
2026-03-03,17581670855,Tempo Tuesdays - excellent group as always 😁,1,RECOVERY,1172.0,737.0,5.465,122.9,156.3,550.0,115.7,152.0,76.5,90.6,14.2,0.521,5.6,,17581670855_1,
2026-03-03,17581670855,Tempo Tuesdays - excellent group as always 😁,5,COOLDOWN,239.0,239.0,2.626,227.2,348.4,892.0,170.0,182.0,82.4,54.3,6.4,1.161,9.0,,17581670855_5,
2026-03-03,17581670855,Tempo Tuesdays - excellent group as always 😁,3,COOLDOWN,46.0,46.0,0.652,600.0,670.2,946.0,167.4,177.0,105.8,27.6,1.0,2.234,6.4,,17581670855_3,
2026-03-03,17581670855,Tempo Tuesdays - excellent group as always 😁,8,RECOVERY,116.0,116.0,1.008,154.1,150.0,457.0,129.4,133.0,82.6,17.9,0.0,0.5,0.8,,17581670855_8,
2026-03-03,17581670855,Tempo Tuesdays - excellent group as always 😁,2,COOLDOWN,2591.0,2591.0,29.865,208.9,249.5,890.0,152.4,172.0,82.6,541.3,68.8,0.832,49.8,,17581670855_2,
2026-03-05,17607403552,Morning Ride,1,RECOVERY,6371.0,5268.0,36.758,169.2,241.7,775.0,126.6,178.0,76.0,891.3,551.6,0.806,95.0,,17607403552_1,
2026-03-07,17631200700,Lazy Saturday,1,COOLDOWN,8480.0,7775.0,71.848,199.9,218.4,603.0,138.2,166.0,85.4,1554.2,97.4,0.728,114.5,,17631200700_1,
2026-03-08,17643441995,Uncle Nath to the rescue,1,COOLDOWN,16025.0,11080.0,94.789,196.4,230.8,752.0,140.0,178.0,78.1,2176.1,527.6,0.769,182.2,,17643441995_1,
2026-03-10,17666086932,"A not so tempo, tempo Tuesday 🥵",1,COOLDOWN,5697.0,5139.0,52.21,208.1,274.7,1093.0,151.6,184.0,81.8,1069.4,139.6,0.916,119.7,,17666086932_1,
2026-03-11,17679330093,Social Wednesdays 🥳,1,RECOVERY,7610.0,6811.0,61.189,130.7,151.3,563.0,102.6,134.0,76.1,890.2,59.4,0.504,48.1,,17679330093_1,
2026-03-12,17691498927,Someone was on a new bike today 😁,1,RECOVERY,6736.0,4429.0,34.384,165.0,269.0,1075.0,123.7,175.0,71.1,730.8,415.2,0.897,98.9,,17691498927_1,
2026-03-13,17702592711,Reco along the coast,1,COOLDOWN,4848.0,4516.0,39.711,186.2,207.1,637.0,127.0,149.0,82.9,840.9,54.2,0.69,59.8,,17702592711_1,
2026-03-14,17714297155,QRA Saturday towing session 😍,2,RECOVERY,7.0,7.0,0.055,54.2,,162.0,116.8,117.0,51.8,0.4,0.0,,,,17714297155_2,
2026-03-14,17714297155,QRA Saturday towing session 😍,1,COOLDOWN,18198.0,13235.0,129.019,188.9,231.3,931.0,142.2,180.0,80.9,2500.1,872.0,0.771,218.5,,17714297155_1,
2026-03-15,17726092392,"Fantastic ride today. Lovely group to ride with, except for Ollie who attacked me for 4hrs",3,RECOVERY,0.0,0.0,0.004,124.0,,206.0,128.0,128.0,31.0,0.0,0.0,,,,17726092392_3,
2026-03-15,17726092392,"Fantastic ride today. Lovely group to ride with, except for Ollie who attacked me for 4hrs",1,RECOVERY,8.0,8.0,0.019,25.2,,227.0,79.7,84.0,76.0,0.2,0.0,,,,17726092392_1,
2026-03-15,17726092392,"Fantastic ride today. Lovely group to ride with, except for Ollie who attacked me for 4hrs",2,RECOVERY,21793.0,15879.0,137.623,147.4,228.8,1339.0,120.5,185.0,76.8,2340.6,522.4,0.763,256.6,,17726092392_2,
2026-03-17,17747970122,Tough Tuesdays 🤭,2,INTERVAL,2800.0,2800.0,33.371,276.3,310.9,1004.0,,,84.8,773.6,86.0,1.036,83.5,,17747970122_2,
2026-03-17,17747970122,Tough Tuesdays 🤭,1,RECOVERY,1227.0,753.0,5.316,109.9,130.1,509.0,,,67.2,82.8,9.2,0.434,3.9,,17747970122_1,
2026-03-17,17747970122,Tough Tuesdays 🤭,3,RECOVERY,1959.0,840.0,5.573,85.3,112.5,703.0,,,61.4,71.7,16.2,0.375,3.3,,17747970122_3,
2026-03-17,17747970122,Tough Tuesdays 🤭,4,RECOVERY,16.0,16.0,0.117,83.4,,174.0,,,63.0,1.3,0.0,,,,17747970122_4,
2026-03-18,17760906975,Giving me the sales pitch for Friday’s ride 😬,1,RECOVERY,8093.0,7126.0,61.017,130.2,146.6,564.0,,,74.8,927.8,71.6,0.489,47.3,,17760906975_1,
2026-03-20,17795656152,New friends. Same epic rinsings 😵‍💫,5,RECOVERY,2709.0,2666.0,26.123,179.0,194.5,423.0,133.9,156.0,74.1,477.2,24.8,0.648,31.1,,17795656152_5,
2026-03-20,17795656152,New friends. Same epic rinsings 😵‍💫,6,RECOVERY,3939.0,2846.0,26.68,145.2,164.9,1039.0,124.9,151.0,75.4,413.2,23.8,0.55,23.9,,17795656152_6,
2026-03-20,17795656152,New friends. Same epic rinsings 😵‍💫,4,COOLDOWN,2597.0,2579.0,26.114,188.9,208.0,823.0,134.3,156.0,78.4,487.2,27.0,0.693,34.4,,17795656152_4,
2026-03-20,17795656152,New friends. Same epic rinsings 😵‍💫,8,RECOVERY,3545.0,2994.0,26.669,154.9,184.8,351.0,125.5,151.0,74.3,463.8,23.6,0.616,31.6,,17795656152_8,
2026-03-20,17795656152,New friends. Same epic rinsings 😵‍💫,1,RECOVERY,8690.0,5651.0,48.323,163.9,188.2,589.0,123.0,149.0,77.3,926.2,63.0,0.627,61.8,,17795656152_1,
2026-03-20,17795656152,New friends. Same epic rinsings 😵‍💫,7,COOLDOWN,2878.0,2831.0,26.112,180.7,195.7,424.0,131.0,149.0,81.3,511.6,23.6,0.652,33.5,,17795656152_7,
2026-03-20,17795656152,New friends. Same epic rinsings 😵‍💫,10,RECOVERY,3981.0,3235.0,26.684,128.5,141.6,338.0,114.3,130.0,65.0,415.7,22.2,0.472,20.0,,17795656152_10,
2026-03-20,17795656152,New friends. Same epic rinsings 😵‍💫,9,RECOVERY,3034.0,3020.0,26.297,152.5,159.6,382.0,119.5,135.0,66.8,460.6,16.4,0.532,23.7,,17795656152_9,
2026-03-20,17795656152,New friends. Same epic rinsings 😵‍💫,11,RECOVERY,2738.0,2738.0,22.575,150.8,161.2,360.0,119.5,135.0,70.8,412.9,42.0,0.537,22.0,,17795656152_11,
2026-03-20,17795656152,New friends. Same epic rinsings 😵‍💫,2,RECOVERY,2882.0,2786.0,26.126,163.9,184.6,636.0,124.9,144.0,77.5,456.6,20.2,0.615,29.3,,17795656152_2,
2026-03-20,17795656152,New friends. Same epic rinsings 😵‍💫,3,RECOVERY,3873.0,2950.0,26.679,130.8,160.4,437.0,115.4,149.0,71.0,385.9,20.6,0.535,23.4,,17795656152_3,
2026-03-24,17833886613,Kyle knows how to crack me 🥵,2,INTERVAL,1654.0,1654.0,19.403,271.9,304.1,1159.0,165.1,176.0,85.2,449.7,51.6,1.014,47.2,,17833886613_2,
2026-03-24,17833886613,Kyle knows how to crack me 🥵,5,RECOVERY,1070.0,1070.0,9.35,169.9,179.6,336.0,134.8,155.0,80.3,181.8,26.6,0.599,10.7,,17833886613_5,
2026-03-24,17833886613,Kyle knows how to crack me 🥵,1,RECOVERY,902.0,700.0,5.514,137.7,191.4,609.0,107.0,151.0,70.8,96.4,9.0,0.638,7.9,,17833886613_1,
2026-03-24,17833886613,Kyle knows how to crack me 🥵,3,COOLDOWN,943.0,943.0,9.356,194.1,223.9,687.0,147.7,174.0,77.0,183.0,25.0,0.746,14.6,,17833886613_3,
2026-03-24,17833886613,Kyle knows how to crack me 🥵,4,COOLDOWN,512.0,512.0,5.743,260.8,301.4,773.0,160.2,177.0,78.0,133.5,10.0,1.005,14.4,,17833886613_4,
2026-03-24,17833886613,Kyle knows how to crack me 🥵,6,RECOVERY,477.0,343.0,2.466,143.1,186.9,489.0,130.1,147.0,69.1,49.1,9.0,0.623,3.7,,17833886613_6,
2026-03-26,17859572973,Fabers 😵‍💫,17,INTERVAL,234.0,234.0,1.259,368.5,364.5,517.0,166.4,179.0,82.7,86.2,77.6,1.215,9.6,,17859572973_17,
2026-03-26,17859572973,Fabers 😵‍💫,18,RECOVERY,1543.0,1149.0,8.236,106.3,142.3,450.0,127.4,178.0,68.1,122.1,24.6,0.474,7.2,,17859572973_18,
2026-03-26,17859572973,Fabers 😵‍💫,16,COOLDOWN,1.0,1.0,0.017,309.0,,309.0,129.0,130.0,91.0,0.3,0.0,,,,17859572973_16,
2026-03-26,17859572973,Fabers 😵‍💫,2,INTERVAL,220.0,220.0,1.271,391.5,393.9,504.0,165.0,177.0,77.0,86.1,76.0,1.313,10.5,,17859572973_2,
2026-03-26,17859572973,Fabers 😵‍💫,4,INTERVAL,231.0,231.0,1.26,371.0,368.1,508.0,163.8,176.0,84.2,85.7,77.6,1.227,9.7,,17859572973_4,
2026-03-26,17859572973,Fabers 😵‍💫,6,INTERVAL,229.0,229.0,1.266,377.3,374.4,487.0,164.8,177.0,79.6,86.4,77.0,1.248,9.9,,17859572973_6,
2026-03-26,17859572973,Fabers 😵‍💫,3,RECOVERY,553.0,553.0,4.088,91.0,133.7,315.0,125.2,176.0,74.2,50.3,23.6,0.446,3.1,,17859572973_3,
2026-03-26,17859572973,Fabers 😵‍💫,8,RECOVERY,425.0,415.0,3.643,103.6,152.8,437.0,133.3,176.0,73.7,43.0,15.2,0.509,3.0,,17859572973_8,
2026-03-26,17859572973,Fabers 😵‍💫,9,COOLDOWN,1.0,1.0,0.016,417.0,,417.0,131.0,131.0,84.0,0.4,0.0,,,,17859572973_9,
2026-03-26,17859572973,Fabers 😵‍💫,1,RECOVERY,1063.0,798.0,6.132,144.0,194.9,587.0,116.1,152.0,71.4,114.9,10.8,0.65,9.4,,17859572973_1,
2026-03-26,17859572973,Fabers 😵‍💫,11,RECOVERY,2.0,2.0,0.021,9.0,,18.0,180.0,180.0,39.0,0.0,1.0,,,,17859572973_11,
2026-03-26,17859572973,Fabers 😵‍💫,7,RECOVERY,2.0,2.0,0.02,1.0,,46.0,176.5,177.0,67.0,0.0,0.8,,,,17859572973_7,
2026-03-26,17859572973,Fabers 😵‍💫,19,RECOVERY,35.0,35.0,0.138,34.2,,,106.4,110.0,36.8,1.2,0.6,,,,,
2026-03-26,17859572973,Fabers 😵‍💫,5,RECOVERY,434.0,434.0,3.656,100.7,147.5,408.0,131.6,176.0,76.6,43.7,15.0,0.492,2.9,,17859572973_5,
2026-03-26,17859572973,Fabers 😵‍💫,14,INTERVAL,230.0,230.0,1.258,370.2,370.9,462.0,168.7,179.0,79.7,85.1,75.8,1.236,9.8,,17859572973_14,
2026-03-26,17859572973,Fabers 😵‍💫,12,RECOVERY,440.0,425.0,3.641,111.7,162.8,474.0,138.4,180.0,72.2,47.5,14.8,0.543,3.5,,17859572973_12,
2026-03-26,17859572973,Fabers 😵‍💫,15,RECOVERY,556.0,470.0,3.651,88.3,146.3,535.0,129.9,178.0,71.9,41.5,15.0,0.488,3.1,,17859572973_15,
2026-03-26,17859572973,Fabers 😵‍💫,19,RECOVERY,35.0,35.0,0.138,34.2,63.3,103.0,106.4,110.0,36.8,1.2,0.6,0.211,0.0,,17859572973_19,
2026-03-26,17859572973,Fabers 😵‍💫,10,INTERVAL,228.0,228.0,1.243,378.7,376.2,498.0,166.9,180.0,82.1,86.3,77.2,1.254,10.0,,17859572973_10,
2026-03-26,17859572973,Fabers 😵‍💫,13,COOLDOWN,1.0,1.0,0.018,324.0,,324.0,142.0,142.0,79.0,0.3,0.0,,,,17859572973_13,
2026-03-28,17883674961,Saturday Church ⛪️,1,COOLDOWN,24464.0,12976.0,122.381,193.2,242.6,1173.0,142.4,181.0,79.8,2507.0,758.2,0.809,235.7,,17883674961_1,
2026-03-29,17895576023,When the Sunday Social ride turns into a motopacing session 😆,1,COOLDOWN,18900.0,12926.0,113.719,185.2,232.4,819.0,133.9,177.0,79.8,2393.9,779.4,0.775,215.5,,17895576023_1,
2026-03-31,17918700108,Tuesday Champs,3,RECOVERY,3900.0,1712.0,10.8,65.7,92.3,473.0,117.8,178.0,52.1,112.5,47.8,0.308,4.5,,17918700108_3,
2026-03-31,17918700108,Tuesday Champs,1,RECOVERY,945.0,709.0,5.52,145.5,201.4,671.0,121.8,157.0,79.2,103.2,2.6,0.671,8.9,,17918700108_1,
2026-03-31,17918700108,Tuesday Champs,2,COOLDOWN,2751.0,2751.0,32.629,263.1,300.7,1079.0,168.5,182.0,88.6,723.8,27.2,1.002,76.8,,17918700108_2,
2026-03-31,17918700108,Tuesday Champs,4,RECOVERY,2.0,2.0,0.017,112.4,,0.0,118.2,121.0,1.0,0.2,0.6,,,,17918700108_4,
2026-04-02,17943550614,Quiet on the roads today,1,RECOVERY,4309.0,3991.0,28.528,144.5,248.5,820.0,137.6,175.0,61.5,576.7,464.1,0.828,76.1,,17943550614_1,
2026-04-03,17956986962,Monkey Business,1,RECOVERY,16135.0,11042.0,100.055,142.2,176.3,587.0,119.0,155.0,75.9,1570.2,453.2,0.588,105.9,,17956986962_1,
2026-04-04,17969347026,Two man Hell Dawg with Gaetan,1,RECOVERY,1432.0,1202.0,8.888,167.0,219.4,635.0,117.8,153.0,74.3,200.7,60.2,0.731,17.9,,17969347026_1,
2026-04-04,17969347026,Two man Hell Dawg with Gaetan,4,COOLDOWN,876.0,855.0,8.873,216.0,247.9,507.0,145.4,162.0,84.8,184.7,24.6,0.826,16.2,,17969347026_4,
2026-04-04,17969347026,Two man Hell Dawg with Gaetan,5,COOLDOWN,12846.0,8623.0,83.049,187.2,247.7,1066.0,139.7,180.0,78.2,1614.2,566.4,0.826,163.3,,17969347026_5,
2026-04-04,17969347026,Two man Hell Dawg with Gaetan,2,INTERVAL,2329.0,2329.0,27.068,279.4,308.0,713.0,164.7,175.0,91.8,650.7,99.8,1.027,68.2,,17969347026_2,
2026-04-04,17969347026,Two man Hell Dawg with Gaetan,3,COOLDOWN,851.0,851.0,9.48,233.2,266.0,592.0,156.4,170.0,87.8,198.5,51.2,0.887,18.6,,17969347026_3,
2026-04-05,17982278013,Winter kit??? What winter kit 😍,1,RECOVERY,8128.0,7710.0,65.62,169.3,185.2,624.0,120.8,145.0,81.9,1305.3,584.6,0.617,81.6,,17982278013_1,
2026-04-08,18020074682,Wednesday Faber loops 😵‍💫,13,COOLDOWN,85.0,85.0,0.585,352.7,,,149.8,163.0,84.5,30.0,6.4,,,,,
2026-04-08,18020074682,Wednesday Faber loops 😵‍💫,18,RECOVERY,979.0,930.0,7.083,102.5,,,126.4,177.0,71.8,95.3,2.2,,,,,
2026-04-08,18020074682,Wednesday Faber loops 😵‍💫,12,RECOVERY,498.0,474.0,3.663,89.8,,,128.6,174.0,67.7,42.6,3.2,,,,,
2026-04-08,18020074682,Wednesday Faber loops 😵‍💫,9,RECOVERY,444.0,444.0,3.663,96.2,140.0,434.0,130.3,174.0,76.3,42.7,3.6,0.467,2.7,,18020074682_9,
2026-04-08,18020074682,Wednesday Faber loops 😵‍💫,17,INTERVAL,141.0,141.0,0.672,404.7,406.6,518.0,173.0,178.0,77.4,57.1,12.0,1.355,7.2,,18020074682_17,
2026-04-08,18020074682,Wednesday Faber loops 😵‍💫,3,INTERVAL,146.0,146.0,0.669,396.5,395.3,493.0,167.5,173.0,83.1,57.9,19.2,1.318,7.0,,18020074682_3,
2026-04-08,18020074682,Wednesday Faber loops 😵‍💫,6,COOLDOWN,83.0,83.0,0.571,353.5,351.2,408.0,148.6,161.0,86.2,29.3,2.0,1.171,3.2,,18020074682_6,
2026-04-08,18020074682,Wednesday Faber loops 😵‍💫,13,COOLDOWN,85.0,85.0,0.585,352.7,356.3,428.0,149.8,163.0,84.5,30.0,6.4,1.188,3.3,,18020074682_13,
2026-04-08,18020074682,Wednesday Faber loops 😵‍💫,11,INTERVAL,142.0,142.0,0.675,404.4,407.1,513.0,172.3,176.0,84.9,57.4,12.4,1.357,7.3,,18020074682_11,
2026-04-08,18020074682,Wednesday Faber loops 😵‍💫,1,RECOVERY,1122.0,1004.0,7.654,139.2,159.5,616.0,112.6,135.0,79.2,139.8,31.8,0.532,7.9,,18020074682_1,
2026-04-08,18020074682,Wednesday Faber loops 😵‍💫,17,INTERVAL,141.0,141.0,0.672,404.7,,,173.0,178.0,77.4,57.1,12.0,,,,,
2026-04-08,18020074682,Wednesday Faber loops 😵‍💫,15,RECOVERY,584.0,484.0,3.695,85.6,135.8,436.0,126.4,176.0,69.4,41.4,2.4,0.453,2.8,,18020074682_15,
2026-04-08,18020074682,Wednesday Faber loops 😵‍💫,16,COOLDOWN,86.0,86.0,0.59,354.0,358.1,444.0,153.1,163.0,89.3,30.4,8.4,1.194,3.4,,18020074682_16,
2026-04-08,18020074682,Wednesday Faber loops 😵‍💫,7,INTERVAL,144.0,144.0,0.669,401.9,400.8,484.0,170.5,175.0,84.6,57.9,11.8,1.336,7.1,,18020074682_7,
2026-04-08,18020074682,Wednesday Faber loops 😵‍💫,14,INTERVAL,148.0,148.0,0.676,390.8,,,170.7,176.0,79.2,57.8,14.2,,,,,
2026-04-08,18020074682,Wednesday Faber loops 😵‍💫,18,RECOVERY,979.0,930.0,7.083,102.5,138.6,521.0,126.4,177.0,71.8,95.3,2.2,0.462,5.5,,18020074682_18,
2026-04-08,18020074682,Wednesday Faber loops 😵‍💫,16,COOLDOWN,86.0,86.0,0.59,354.0,,,153.1,163.0,89.3,30.4,8.4,,,,,
2026-04-08,18020074682,Wednesday Faber loops 😵‍💫,5,COOLDOWN,2.0,2.0,0.027,361.0,,368.0,126.0,126.0,79.5,0.7,0.0,,,,18020074682_5,
2026-04-08,18020074682,Wednesday Faber loops 😵‍💫,15,RECOVERY,584.0,484.0,3.695,85.6,,,126.4,176.0,69.4,41.4,2.4,,,,,
2026-04-08,18020074682,Wednesday Faber loops 😵‍💫,10,COOLDOWN,87.0,87.0,0.582,352.4,357.3,428.0,148.0,160.0,85.1,30.7,2.2,1.191,3.4,,18020074682_10,
2026-04-08,18020074682,Wednesday Faber loops 😵‍💫,12,RECOVERY,498.0,474.0,3.663,89.8,137.2,358.0,128.6,174.0,67.7,42.6,3.2,0.457,2.8,,18020074682_12,
2026-04-08,18020074682,Wednesday Faber loops 😵‍💫,8,RECOVERY,1.0,1.0,0.012,8.0,,8.0,174.0,175.0,52.0,0.0,0.2,,,,18020074682_8,
2026-04-08,18020074682,Wednesday Faber loops 😵‍💫,14,INTERVAL,148.0,148.0,0.676,390.8,391.6,534.0,170.7,176.0,79.2,57.8,14.2,1.305,7.0,,18020074682_14,
2026-04-08,18020074682,Wednesday Faber loops 😵‍💫,4,RECOVERY,430.0,430.0,3.678,104.8,155.9,403.0,128.1,173.0,78.4,45.1,3.2,0.52,3.2,,18020074682_4,
2026-04-08,18020074682,Wednesday Faber loops 😵‍💫,2,COOLDOWN,84.0,84.0,0.583,356.5,353.9,443.0,144.5,158.0,85.6,29.9,7.2,1.18,3.2,,18020074682_2,
2026-04-09,18034115464,Faber two mornings in a row,2,INTERVAL,260.0,260.0,1.576,384.3,385.1,534.0,161.8,174.0,81.6,99.9,88.2,1.284,11.9,,18034115464_2,
2026-04-09,18034115464,Faber two mornings in a row,1,RECOVERY,1076.0,961.0,7.591,141.0,154.2,390.0,112.9,132.0,86.5,135.5,165.6,0.514,7.1,,18034115464_1,
2026-04-09,18034115464,Faber two mornings in a row,11,RECOVERY,1153.0,934.0,6.797,85.6,125.0,381.0,122.5,166.0,62.6,80.0,188.3,0.417,4.5,,18034115464_11,
2026-04-09,18034115464,Faber two mornings in a row,4,INTERVAL,263.0,263.0,1.578,387.5,384.7,839.0,164.5,179.0,84.4,101.9,89.9,1.282,12.0,,18034115464_4,
2026-04-09,18034115464,Faber two mornings in a row,5,RECOVERY,420.0,393.0,3.352,102.4,147.9,374.0,133.0,178.0,68.0,40.2,54.0,0.493,2.7,,18034115464_5,
2026-04-09,18034115464,Faber two mornings in a row,7,RECOVERY,426.0,412.0,3.354,84.5,131.1,372.0,127.5,175.0,70.8,34.8,54.5,0.437,2.2,,18034115464_7,
2026-04-09,18034115464,Faber two mornings in a row,10,INTERVAL,295.0,295.0,1.589,330.7,336.6,743.0,164.8,174.0,81.6,97.6,92.1,1.122,10.3,,18034115464_10,
2026-04-09,18034115464,Faber two mornings in a row,9,RECOVERY,489.0,447.0,3.441,79.2,122.0,381.0,130.8,178.0,74.6,35.4,63.6,0.407,2.1,,18034115464_9,
2026-04-09,18034115464,Faber two mornings in a row,3,RECOVERY,384.0,384.0,3.364,98.3,145.1,321.0,128.6,174.0,70.8,37.7,55.6,0.484,2.5,,18034115464_3,
2026-04-09,18034115464,Faber two mornings in a row,6,INTERVAL,266.0,266.0,1.574,372.6,376.8,576.0,165.8,178.0,81.8,99.1,89.2,1.256,11.7,,18034115464_6,
2026-04-09,18034115464,Faber two mornings in a row,8,INTERVAL,260.0,260.0,1.578,381.5,386.3,563.0,167.4,181.0,85.2,99.2,88.9,1.288,12.0,,18034115464_8,
2026-04-11,18060654007,Saturdays with QRA 🥳,8,INTERVAL,121.0,121.0,1.461,315.9,358.7,774.0,185.5,189.0,86.9,38.2,0.0,1.196,4.8,,18060654007_8,
2026-04-11,18060654007,Saturdays with QRA 🥳,5,RECOVERY,1074.0,262.0,2.23,155.3,167.9,506.0,155.1,181.0,74.3,40.7,14.4,0.56,2.3,,18060654007_5,
2026-04-11,18060654007,Saturdays with QRA 🥳,4,INTERVAL,506.0,506.0,6.28,309.5,353.6,1011.0,171.6,185.0,86.0,156.6,15.8,1.179,19.5,,18060654007_4,
2026-04-11,18060654007,Saturdays with QRA 🥳,7,INTERVAL,187.0,187.0,2.228,299.9,329.5,752.0,169.7,184.0,78.9,56.1,5.0,1.098,6.3,,18060654007_7,
2026-04-11,18060654007,Saturdays with QRA 🥳,1,RECOVERY,6346.0,5608.0,53.105,174.6,222.5,635.0,130.9,172.0,81.7,979.2,224.8,0.742,85.7,,18060654007_1,
2026-04-11,18060654007,Saturdays with QRA 🥳,10,RECOVERY,8431.0,4713.0,29.652,105.5,155.0,831.0,117.1,149.0,66.3,497.2,454.0,0.517,34.9,,18060654007_10,
2026-04-11,18060654007,Saturdays with QRA 🥳,3,COOLDOWN,766.0,766.0,8.521,235.7,330.5,1079.0,159.8,174.0,78.8,180.5,15.8,1.102,25.8,,18060654007_3,
2026-04-11,18060654007,Saturdays with QRA 🥳,11,RECOVERY,1.0,1.0,0.011,0.0,,1.0,106.0,107.0,6.0,0.0,0.0,,,,18060654007_11,
2026-04-11,18060654007,Saturdays with QRA 🥳,2,COOLDOWN,709.0,709.0,8.009,206.0,252.5,922.0,144.5,165.0,82.0,146.1,21.0,0.842,14.0,,18060654007_2,
2026-04-11,18060654007,Saturdays with QRA 🥳,6,COOLDOWN,478.0,478.0,5.77,263.1,308.6,666.0,166.9,174.0,86.2,125.8,17.8,1.029,14.0,,18060654007_6,
2026-04-11,18060654007,Saturdays with QRA 🥳,9,RECOVERY,450.0,450.0,4.292,157.3,170.0,336.0,146.9,186.0,78.5,70.8,17.0,0.567,4.0,,18060654007_9,
2026-04-12,18073700620,NMC ADVPRG - Claude will be happy with today’s activity ✅,1,RECOVERY,8845.0,8551.0,75.114,163.4,178.3,479.0,116.5,146.0,85.3,1397.2,390.2,0.594,83.9,,18073700620_1,
2026-04-14,18097757857,Social Nath is dead 🥹,10,INTERVAL,269.0,269.0,1.602,376.0,375.2,764.0,171.2,182.0,83.7,101.1,28.8,1.251,11.7,,18097757857_10,
2026-04-14,18097757857,Social Nath is dead 🥹,11,RECOVERY,2559.0,2257.0,17.049,122.5,,,130.7,181.0,76.8,276.5,62.4,,,,,
2026-04-14,18097757857,Social Nath is dead 🥹,1,RECOVERY,1136.0,972.0,7.588,141.2,157.1,406.0,112.7,135.0,82.8,137.2,14.8,0.524,7.4,,18097757857_1,
2026-04-14,18097757857,Social Nath is dead 🥹,11,RECOVERY,2559.0,2257.0,17.049,122.5,156.7,380.0,130.7,181.0,76.8,276.5,62.4,0.522,17.1,,18097757857_11,
2026-04-14,18097757857,Social Nath is dead 🥹,3,RECOVERY,419.0,419.0,3.346,68.2,102.7,344.0,127.0,175.0,70.9,28.6,5.0,0.342,1.4,,18097757857_3,
2026-04-14,18097757857,Social Nath is dead 🥹,2,INTERVAL,259.0,259.0,1.601,382.9,384.4,540.0,163.4,175.0,80.8,99.2,32.2,1.281,11.8,,18097757857_2,
2026-04-14,18097757857,Social Nath is dead 🥹,5,RECOVERY,465.0,427.0,3.478,96.7,141.9,359.0,136.0,176.0,72.4,41.3,2.6,0.473,2.7,,18097757857_5,
2026-04-14,18097757857,Social Nath is dead 🥹,7,RECOVERY,479.0,403.0,3.365,89.2,,,134.9,178.0,71.3,35.9,1.2,,,,,
2026-04-14,18097757857,Social Nath is dead 🥹,6,INTERVAL,269.0,269.0,1.594,369.4,369.7,570.0,170.0,178.0,79.8,99.4,26.8,1.232,11.3,,18097757857_6,
2026-04-14,18097757857,Social Nath is dead 🥹,2,INTERVAL,259.0,259.0,1.601,382.9,,,163.4,175.0,80.8,99.2,32.2,,,,,
2026-04-14,18097757857,Social Nath is dead 🥹,4,INTERVAL,267.0,267.0,1.609,372.5,374.2,525.0,166.0,177.0,81.4,99.5,28.2,1.247,11.5,,18097757857_4,
2026-04-14,18097757857,Social Nath is dead 🥹,6,INTERVAL,269.0,269.0,1.594,369.4,,,170.0,178.0,79.8,99.4,26.8,,,,,
2026-04-14,18097757857,Social Nath is dead 🥹,9,RECOVERY,497.0,426.0,3.353,80.2,,,134.5,179.0,71.5,34.2,0.6,,,,,
2026-04-14,18097757857,Social Nath is dead 🥹,7,RECOVERY,479.0,403.0,3.365,89.2,138.7,422.0,134.9,178.0,71.3,35.9,1.2,0.462,2.4,,18097757857_7,
2026-04-14,18097757857,Social Nath is dead 🥹,8,INTERVAL,263.0,263.0,1.6,374.3,376.3,640.0,169.8,181.0,84.7,98.4,28.4,1.254,11.5,,18097757857_8,
2026-04-14,18097757857,Social Nath is dead 🥹,8,INTERVAL,263.0,263.0,1.6,374.3,,,169.8,181.0,84.7,98.4,28.4,,,,,
2026-04-14,18097757857,Social Nath is dead 🥹,3,RECOVERY,419.0,419.0,3.346,68.2,,,127.0,175.0,70.9,28.6,5.0,,,,,
2026-04-14,18097757857,Social Nath is dead 🥹,9,RECOVERY,497.0,426.0,3.353,80.2,128.7,504.0,134.5,179.0,71.5,34.2,0.6,0.429,2.2,,18097757857_9,
2026-04-14,18097757857,Social Nath is dead 🥹,1,RECOVERY,1136.0,972.0,7.588,141.2,,,112.7,135.0,82.8,137.2,14.8,,,,,
2026-04-14,18097757857,Social Nath is dead 🥹,4,INTERVAL,267.0,267.0,1.609,372.5,,,166.0,177.0,81.4,99.5,28.2,,,,,
2026-04-14,18097757857,Social Nath is dead 🥹,10,INTERVAL,269.0,269.0,1.602,376.0,,,171.2,182.0,83.7,101.1,28.8,,,,,
2026-04-14,18097757857,Social Nath is dead 🥹,5,RECOVERY,465.0,427.0,3.478,96.7,,,136.0,176.0,72.4,41.3,2.6,,,,,
2026-04-15,18111990352,Steady…..expect for the moment I tired to ride with Ross and he had me at 500w 😬,1,RECOVERY,8041.0,7662.0,64.043,154.3,166.0,585.0,113.4,133.0,85.8,1182.2,117.8,0.553,65.2,,18111990352_1,
2026-04-17,18144788191,Testing,1,RECOVERY,4951.0,4485.0,23.112,57.2,84.6,307.0,,,62.3,256.5,61.4,0.269,9.0,,18144788191_1,
2026-04-18,18152884206,New kit day with QRA 🥳,1,RECOVERY,15556.0,8663.0,68.74,141.3,167.9,602.0,120.7,152.0,73.8,1224.1,86.0,0.533,68.4,,18152884206_1,
2026-04-21,18190552705,Just a little ECP leg check,12,INTERVAL,122.0,122.0,1.43,356.5,372.3,474.0,154.1,168.0,89.6,43.5,0.0,1.182,4.7,,18190552705_12,
2026-04-21,18190552705,Just a little ECP leg check,4,INTERVAL,123.0,123.0,1.335,299.0,309.1,401.0,148.9,159.0,93.5,36.8,0.0,0.981,3.3,,18190552705_4,
2026-04-21,18190552705,Just a little ECP leg check,7,RECOVERY,611.0,611.0,4.978,140.0,148.1,328.0,120.4,157.0,84.0,85.5,15.4,0.47,3.8,,18190552705_7,
2026-04-21,18190552705,Just a little ECP leg check,14,INTERVAL,121.0,121.0,1.478,405.5,405.8,511.0,158.4,173.0,80.5,49.1,0.0,1.288,5.6,,18190552705_14,
2026-04-21,18190552705,Just a little ECP leg check,11,RECOVERY,299.0,299.0,2.242,105.7,112.2,267.0,123.8,162.0,77.5,31.6,6.6,0.356,1.1,,18190552705_11,
2026-04-21,18190552705,Just a little ECP leg check,2,INTERVAL,127.0,127.0,1.408,298.6,302.4,365.0,142.8,155.0,95.5,37.9,0.0,0.96,3.3,,18190552705_2,
2026-04-21,18190552705,Just a little ECP leg check,8,COOLDOWN,79.0,79.0,0.92,300.4,301.4,397.0,139.0,150.0,88.0,23.7,0.0,0.957,2.0,,18190552705_8,
2026-04-21,18190552705,Just a little ECP leg check,1,RECOVERY,1273.0,1226.0,9.789,151.7,168.4,388.0,110.6,135.0,77.3,186.0,20.2,0.535,9.7,,18190552705_1,
2026-04-21,18190552705,Just a little ECP leg check,13,RECOVERY,185.0,185.0,1.573,142.5,144.5,206.0,142.0,167.0,79.6,26.4,0.0,0.459,1.1,,18190552705_13,
2026-04-21,18190552705,Just a little ECP leg check,6,INTERVAL,122.0,122.0,1.364,317.6,319.5,414.0,147.6,157.0,84.4,38.7,5.2,1.014,3.5,,18190552705_6,
2026-04-21,18190552705,Just a little ECP leg check,10,INTERVAL,122.0,122.0,1.469,336.4,347.2,460.0,149.0,163.0,90.9,41.0,3.4,1.102,4.1,,18190552705_10,
2026-04-21,18190552705,Just a little ECP leg check,9,RECOVERY,281.0,281.0,2.111,121.0,147.6,395.0,120.5,151.0,76.2,34.0,4.4,0.469,1.7,,18190552705_9,
2026-04-21,18190552705,Just a little ECP leg check,15,RECOVERY,2071.0,1932.0,15.219,132.6,148.7,366.0,123.6,173.0,81.9,256.2,47.4,0.472,12.0,,18190552705_15,
2026-04-21,18190552705,Just a little ECP leg check,3,RECOVERY,183.0,183.0,1.589,151.9,154.1,218.0,131.0,153.0,90.4,27.8,0.0,0.489,1.2,,18190552705_3,
2026-04-21,18190552705,Just a little ECP leg check,5,RECOVERY,181.0,181.0,1.612,172.1,181.7,267.0,138.1,157.0,81.8,31.2,5.0,0.577,1.7,,18190552705_5,
2026-04-23,18219126548,Tapping along,1,RECOVERY,7288.0,7097.0,63.547,188.8,201.3,448.0,128.2,149.0,84.8,1339.9,167.8,0.639,80.5,,18219126548_1,
2026-04-24,18231935459,Just out there for the vibes,1,RECOVERY,3141.0,2937.0,23.715,152.2,168.8,383.0,116.6,138.0,84.0,447.0,69.8,0.536,23.4,,18231935459_1,
2026-04-25,18246149341,Tour of Andaman - Stage 1,2,INTERVAL,308.0,308.0,3.704,350.1,361.6,1359.0,174.4,185.0,89.0,107.8,59.4,1.148,11.3,,18246149341_2,
2026-04-25,18246646619,Tour of Andaman - Stage 2,3,COOLDOWN,40.0,40.0,0.227,348.9,327.2,486.0,180.5,183.0,94.2,14.0,0.0,1.039,1.2,,18246646619_3,
2026-04-25,18246646619,Tour of Andaman - Stage 2,7,RECOVERY,38.0,38.0,0.159,31.6,44.9,184.0,173.7,179.0,40.6,1.2,0.0,0.143,0.0,,18246646619_7,
2026-04-25,18246149341,Tour of Andaman - Stage 1,1,RECOVERY,5305.0,2456.0,18.47,141.6,181.4,442.0,130.6,163.0,78.3,347.8,139.0,0.576,22.6,,18246149341_1,
2026-04-25,18247125023,Ride back from podium ceremony,1,RECOVERY,3127.0,2295.0,16.777,110.8,133.0,444.0,122.7,149.0,75.6,254.3,345.6,0.422,11.4,,18247125023_1,
2026-04-25,18246646619,Tour of Andaman - Stage 2,2,COOLDOWN,97.0,97.0,0.405,426.9,436.7,554.0,173.3,180.0,94.4,41.4,0.0,1.386,5.2,,18246646619_2,
2026-04-25,18246646619,Tour of Andaman - Stage 2,1,COOLDOWN,2539.0,2406.0,27.404,231.8,278.3,1009.0,166.0,178.0,89.0,557.7,283.4,0.883,52.2,,18246646619_1,
2026-04-25,18246646619,Tour of Andaman - Stage 2,6,RECOVERY,45.0,34.0,0.313,133.1,196.4,239.0,182.7,187.0,78.9,4.5,6.2,0.623,0.4,,18246646619_6,
2026-04-25,18246149341,Tour of Andaman - Stage 1,3,RECOVERY,4371.0,1304.0,7.107,59.4,91.9,391.0,127.1,185.0,64.3,77.5,241.6,0.292,3.1,,18246149341_3,
2026-04-25,18246646619,Tour of Andaman - Stage 2,5,COOLDOWN,1593.0,1593.0,16.389,230.3,303.4,833.0,167.4,187.0,88.7,366.9,300.4,0.963,41.1,,18246646619_5,
2026-04-25,18246646619,Tour of Andaman - Stage 2,4,RECOVERY,647.0,647.0,6.963,157.0,199.0,699.0,159.4,183.0,82.8,101.6,76.0,0.632,7.2,,18246646619_4,
2026-04-26,18259501801,Tour of Andaman - Stage 3,1,RECOVERY,1661.0,1041.0,8.549,149.9,173.5,404.0,121.3,137.0,82.7,156.0,75.4,0.551,8.8,,18259501801_1,
2026-04-26,18259501801,Tour of Andaman - Stage 3,5,COOLDOWN,4487.0,4487.0,52.579,236.7,262.0,1090.0,156.6,175.0,88.3,1062.1,172.0,0.832,86.2,,18259501801_5,
2026-04-26,18259501801,Tour of Andaman - Stage 3,3,INTERVAL,180.0,180.0,0.821,405.6,419.9,570.0,166.6,176.0,80.2,73.0,2.4,1.333,8.9,,18259501801_3,
2026-04-26,18259501801,Tour of Andaman - Stage 3,4,COOLDOWN,300.0,300.0,3.692,255.5,293.4,727.0,168.7,177.0,86.0,76.7,10.8,0.931,7.2,,18259501801_4,
2026-04-26,18259501801,Tour of Andaman - Stage 3,6,RECOVERY,177.0,177.0,0.994,37.8,102.8,290.0,139.0,169.0,43.9,6.7,0.0,0.326,0.5,,18259501801_6,
2026-04-26,18259501801,Tour of Andaman - Stage 3,2,COOLDOWN,2335.0,2335.0,26.75,232.2,273.7,1017.0,153.7,168.0,86.6,542.2,174.0,0.869,49.0,,18259501801_2,
2026-04-28,18285330674,Morning ECP,1,COOLDOWN,6185.0,6053.0,54.968,190.9,202.6,916.0,129.0,149.0,87.0,1155.5,120.4,0.643,69.6,,18285330674_1,
2026-04-29,18299294575,"Another morning, another ECP",1,RECOVERY,6245.0,5897.0,53.059,185.5,198.1,558.0,131.7,149.0,86.6,1093.9,119.4,0.629,64.8,,18299294575_1,
2026-04-30,18313101001,What have I become - Singapore used to be all about the social rides,1,RECOVERY,6331.0,6033.0,52.469,167.5,180.1,495.0,127.3,151.0,87.3,1010.5,112.4,0.572,54.8,,18313101001_1,
2026-05-01,18326919532,Sawasdee Cup 😍😍😍,1,RECOVERY,14271.0,13285.0,89.371,139.2,189.3,518.0,120.6,158.0,81.5,1849.3,762.4,0.601,133.3,,18326919532_1,
2026-05-02,18340665627,Tour of Friendship - Stage 1,1,COOLDOWN,6437.0,6260.0,61.244,211.4,256.2,727.0,146.0,173.0,84.2,1323.4,718.4,0.813,115.0,,18340665627_1,
2026-05-02,18340665627,Tour of Friendship - Stage 1,3,COOLDOWN,4589.0,4589.0,47.078,217.8,254.3,682.0,151.4,178.0,84.7,999.5,456.3,0.807,83.1,,18340665627_3,
2026-05-02,18340665627,Tour of Friendship - Stage 1,4,RECOVERY,40.0,40.0,0.345,78.8,84.0,167.0,160.0,166.0,81.1,3.2,2.1,0.267,0.1,,18340665627_4,
2026-05-02,18340665627,Tour of Friendship - Stage 1,2,RECOVERY,1394.0,36.0,0.172,116.6,160.6,280.0,139.3,151.0,61.6,4.2,0.8,0.51,0.3,,18340665627_2,
2026-05-03,18353800189,Tour of Friendship - Stage 2,1,COOLDOWN,10806.0,10790.0,103.342,209.8,259.2,1134.0,150.0,181.0,84.2,2263.7,1327.9,0.823,202.9,,18353800189_1,
2026-05-04,18366859589,Tour of Friendship - stage 3,1,COOLDOWN,5907.0,5907.0,68.588,237.2,270.9,962.0,154.1,172.0,86.5,1401.1,182.6,0.86,121.4,,18366859589_1,
2026-05-04,18368349207,Tour of Friendship - Stage 4,1,INTERVAL,1844.0,1665.0,19.559,299.4,299.8,687.0,171.0,181.0,92.1,498.5,125.8,0.952,41.9,,18368349207_1,
2026-05-05,18379527838,Tour of Friendship - Stage 5,1,COOLDOWN,3119.0,3062.0,32.294,234.6,280.7,974.0,151.5,176.0,84.0,718.3,79.2,0.891,67.5,,18379527838_1,
2026-05-05,18379527838,Tour of Friendship - Stage 5,2,RECOVERY,1282.0,10.0,0.016,0.0,,0.0,100.1,125.0,0.0,0.0,0.0,,,,18379527838_2,
2026-05-08,18418523286,Ohhh my poor legs 🥹,1,RECOVERY,4285.0,4026.0,33.166,158.7,172.6,997.0,125.7,144.0,87.1,638.9,46.4,0.548,33.6,,18418523286_1,
2026-05-09,18435591241,Filipino motopacing 💪💪,1,RECOVERY,3311.0,2826.0,22.523,169.5,236.0,923.0,131.6,163.0,74.9,479.0,119.9,0.749,44.1,,18435591241_1,
2026-05-10,18448805906,The noodles might be excellent but the road surface is very very poor 😬,1,RECOVERY,24892.0,19593.0,128.908,112.6,163.2,813.0,123.3,165.0,68.5,2206.2,2495.0,0.518,146.1,,18448805906_1,
2026-05-17,18536624161,So nice to be back in SG - smooth roads and minimal traffic,1,COOLDOWN,11804.0,11433.0,103.392,189.0,207.8,667.0,140.8,164.0,88.0,2160.8,305.4,0.66,138.2,,18536624161_1,
2026-05-18,18549241619,Mondays 😵‍💫,1,RECOVERY,6507.0,6338.0,56.784,184.1,196.3,431.0,143.0,159.0,91.7,1166.8,112.6,0.623,68.4,,18549241619_1,
2026-05-19,18561552875,Tempus Fugit - Watopia,1,COOLDOWN,6525.0,6259.0,56.759,190.6,213.0,766.0,146.0,166.0,88.1,1193.0,125.2,0.676,79.5,,18561552875_1,
2026-05-20,18574830429,"Did not rain once, but I was completely soaked 😬",1,RECOVERY,4539.0,4450.0,39.493,177.7,208.0,1157.0,,,87.6,790.8,78.6,0.66,53.9,,18574830429_1,
2026-05-21,18589178507,Morning chats with Wazza 😁,1,RECOVERY,6554.0,6049.0,54.577,186.0,209.1,659.0,,,82.2,1125.1,162.2,0.664,74.0,,18589178507_1,
2026-05-22,18604663806,China has exceeded all my expectations absolutely incredible riding on these roads 😍,1,RECOVERY,15533.0,8774.0,71.807,169.2,212.5,724.0,124.4,157.0,78.4,1484.6,480.8,0.675,110.9,,18604663806_1,
2026-05-23,18615811396,The cycling infrastructure is top tier ✅,1,RECOVERY,9468.0,8952.0,62.476,128.7,173.9,671.0,111.9,153.0,72.2,1152.1,383.4,0.552,75.8,,18615811396_1,
2026-05-24,18629377660,UCI Gran Fondo World Series | Hangzhou Road Race - 9th AG,1,COOLDOWN,10352.0,8911.0,96.46,226.8,272.8,811.0,156.8,187.0,85.1,2021.0,1056.4,0.866,185.6,,18629377660_1,
2026-05-24,18629377660,UCI Gran Fondo World Series | Hangzhou Road Race - 9th AG,2,RECOVERY,9748.0,5671.0,49.203,176.4,220.2,762.0,135.0,158.0,80.9,1000.4,422.5,0.699,77.0,,18629377660_2,
2026-05-25,18642921685,Aim was to do 2 mountain passes - legs said “hell no” 🥵,1,RECOVERY,14801.0,13154.0,85.981,101.4,134.0,702.0,100.7,136.0,71.9,1333.8,412.2,0.425,66.1,,18642921685_1,
2026-05-27,18672180620,The only goal for today - lessen the tan lines 😬,1,RECOVERY,10494.0,9481.0,79.304,155.5,173.3,676.0,125.9,163.0,81.6,1474.3,177.6,0.55,79.7,,18672180620_1,
2026-05-29,18695446120,Friday social coffee ride,1,RECOVERY,3093.0,2827.0,24.084,163.6,181.0,463.0,133.1,152.0,87.2,462.5,46.2,0.575,25.9,,18695446120_1,
2026-05-30,18710830720,Testing something nerdy at the end of that ride 🫣,2,COOLDOWN,427.0,427.0,4.284,243.9,244.7,420.0,158.0,165.0,93.9,104.1,2.4,0.777,7.2,,18710830720_2,
2026-05-30,18710830720,Testing something nerdy at the end of that ride 🫣,9,RECOVERY,2816.0,2727.0,23.907,179.4,199.5,516.0,154.0,174.0,84.9,489.2,40.2,0.633,30.4,,18710830720_9,
2026-05-30,18710830720,Testing something nerdy at the end of that ride 🫣,7,RECOVERY,53.0,53.0,0.349,100.7,87.4,298.0,157.6,169.0,57.0,5.3,0.0,0.277,0.1,,18710830720_7,
2026-05-30,18710830720,Testing something nerdy at the end of that ride 🫣,8,COOLDOWN,416.0,416.0,4.299,266.1,268.8,408.0,167.3,173.0,96.4,110.7,2.6,0.853,8.4,,18710830720_8,
2026-05-30,18710830720,Testing something nerdy at the end of that ride 🫣,4,COOLDOWN,422.0,422.0,4.284,240.3,242.0,382.0,159.0,166.0,95.7,101.4,2.2,0.768,6.9,,18710830720_4,
2026-05-30,18710830720,Testing something nerdy at the end of that ride 🫣,6,COOLDOWN,408.0,408.0,4.292,236.4,240.6,376.0,163.3,170.0,98.1,96.5,2.6,0.764,6.6,,18710830720_6,
2026-05-30,18710830720,Testing something nerdy at the end of that ride 🫣,3,RECOVERY,90.0,90.0,0.56,90.2,99.8,338.0,142.4,164.0,65.7,8.1,0.0,0.317,0.3,,18710830720_3,
2026-05-30,18710830720,Testing something nerdy at the end of that ride 🫣,1,COOLDOWN,9921.0,8535.0,80.041,206.9,220.3,608.0,144.5,168.0,88.7,1765.9,121.4,0.699,116.0,,18710830720_1,
2026-05-30,18710830720,Testing something nerdy at the end of that ride 🫣,5,RECOVERY,114.0,114.0,0.608,65.2,80.0,362.0,140.9,164.0,45.9,7.4,0.0,0.254,0.2,,18710830720_5,
2026-05-31,18723792210,I think I got a little lost today 🫣,1,RECOVERY,13419.0,11893.0,106.423,178.3,195.2,637.0,139.4,164.0,85.8,2120.5,221.4,0.62,126.9,,18723792210_1,
2026-06-01,18737772942,Just enough to wake up the legs a little (6xFaber),8,INTERVAL,266.0,266.0,1.469,323.3,323.7,501.0,159.7,172.0,84.1,86.0,73.4,1.028,7.8,,18737772942_8,40.0
2026-06-01,18737772942,Just enough to wake up the legs a little (6xFaber),2,INTERVAL,285.0,285.0,1.509,310.6,311.0,471.0,153.7,166.0,81.7,88.5,76.6,0.987,7.7,,18737772942_2,39.0
2026-06-01,18737772942,Just enough to wake up the legs a little (6xFaber),3,RECOVERY,159.0,159.0,1.383,14.9,38.6,235.0,123.7,167.0,37.9,2.4,1.0,0.123,0.1,,18737772942_3,
2026-06-01,18737772942,Just enough to wake up the legs a little (6xFaber),4,INTERVAL,271.0,271.0,1.464,314.0,314.4,452.0,156.5,172.0,82.9,85.1,74.8,0.998,7.5,,18737772942_4,46.0
2026-06-01,18737772942,Just enough to wake up the legs a little (6xFaber),12,INTERVAL,247.0,247.0,1.415,327.8,327.9,500.0,161.7,176.0,87.1,81.0,70.2,1.041,7.4,,18737772942_12,61.0
2026-06-01,18737772942,Just enough to wake up the legs a little (6xFaber),10,INTERVAL,263.0,263.0,1.473,322.3,322.0,484.0,159.3,173.0,86.4,84.8,74.2,1.022,7.6,,18737772942_10,37.0
2026-06-01,18737772942,Just enough to wake up the legs a little (6xFaber),9,RECOVERY,163.0,163.0,1.38,16.9,32.1,338.0,127.8,172.0,31.6,2.8,0.4,0.102,0.0,,18737772942_9,
2026-06-01,18737772942,Just enough to wake up the legs a little (6xFaber),7,RECOVERY,164.0,164.0,1.387,16.8,32.3,328.0,127.2,172.0,33.5,2.8,0.4,0.103,0.0,,18737772942_7,
2026-06-01,18737772942,Just enough to wake up the legs a little (6xFaber),1,RECOVERY,1361.0,860.0,5.823,140.4,205.1,677.0,113.3,146.0,74.1,120.7,14.2,0.651,10.1,,18737772942_1,
2026-06-01,18737772942,Just enough to wake up the legs a little (6xFaber),5,RECOVERY,174.0,174.0,1.379,14.5,51.1,288.0,123.1,172.0,40.6,2.5,0.4,0.162,0.1,,18737772942_5,
2026-06-01,18737772942,Just enough to wake up the legs a little (6xFaber),13,RECOVERY,3156.0,2339.0,16.117,108.6,155.8,655.0,114.0,176.0,69.9,254.0,30.8,0.495,15.9,,18737772942_13,
2026-06-01,18737772942,Just enough to wake up the legs a little (6xFaber),11,RECOVERY,176.0,176.0,1.398,25.2,36.1,332.0,132.0,173.0,33.8,4.4,0.4,0.115,0.1,,18737772942_11,
2026-06-01,18737772942,Just enough to wake up the legs a little (6xFaber),6,INTERVAL,270.0,270.0,1.479,316.7,316.2,450.0,156.7,172.0,83.2,85.5,73.8,1.004,7.6,,18737772942_6,42.0
2026-06-02,18748679677,"Another day, another ECP",1,RECOVERY,5854.0,5647.0,49.33,169.0,181.6,556.0,123.6,144.0,85.2,954.3,72.2,0.577,52.1,,18748679677_1,
2026-06-03,18762716375,A flash of white and red went past me today at 800w 🚲💨,3,RECOVERY,703.0,703.0,5.855,150.2,171.0,543.0,124.3,144.0,75.5,105.6,7.4,0.543,5.8,,18762716375_3,
2026-06-03,18762716375,A flash of white and red went past me today at 800w 🚲💨,5,COOLDOWN,1309.0,1247.0,11.398,192.4,210.5,487.0,136.7,154.0,81.9,239.9,21.8,0.668,15.5,,18762716375_5,
2026-06-03,18762716375,A flash of white and red went past me today at 800w 🚲💨,4,COOLDOWN,602.0,602.0,6.389,248.9,251.4,656.0,148.7,160.0,88.1,149.8,5.6,0.798,10.7,,18762716375_4,
2026-06-03,18762716375,A flash of white and red went past me today at 800w 🚲💨,2,COOLDOWN,614.0,614.0,7.09,236.8,255.9,630.0,146.2,153.0,99.0,145.4,9.0,0.812,11.3,,18762716375_2,
2026-06-03,18762716375,A flash of white and red went past me today at 800w 🚲💨,1,RECOVERY,1480.0,1159.0,8.884,132.3,157.8,884.0,109.4,131.0,78.5,153.3,16.8,0.501,8.1,,18762716375_1,
2026-06-04,18777075281,30/15s - flat tyre on last rep of last set,76,COOLDOWN,33.0,33.0,0.38,437.6,464.0,510.0,171.1,173.0,96.5,14.4,0.0,1.473,2.0,,18777075281_76,
2026-06-04,18777075281,30/15s - flat tyre on last rep of last set,21,RECOVERY,18.0,18.0,0.119,139.0,,328.0,165.9,167.0,50.2,2.5,0.0,,,,18777075281_21,
2026-06-04,18777075281,30/15s - flat tyre on last rep of last set,18,COOLDOWN,31.0,31.0,0.361,423.3,489.3,626.0,160.6,163.0,93.7,13.1,0.0,1.553,2.1,,18777075281_18,
2026-06-04,18777075281,30/15s - flat tyre on last rep of last set,52,COOLDOWN,31.0,31.0,0.36,433.4,453.9,571.0,168.6,170.0,87.5,13.4,0.2,1.441,1.8,,18777075281_52,
2026-06-04,18777075281,30/15s - flat tyre on last rep of last set,63,RECOVERY,16.0,16.0,0.158,68.3,,158.0,163.1,164.0,62.7,1.1,0.0,,,,18777075281_63,
2026-06-04,18777075281,30/15s - flat tyre on last rep of last set,2,COOLDOWN,34.0,34.0,0.328,392.0,489.1,717.0,132.0,147.0,97.8,13.3,2.0,1.553,2.3,,18777075281_2,
2026-06-04,18777075281,30/15s - flat tyre on last rep of last set,71,RECOVERY,16.0,16.0,0.169,46.9,,393.0,166.6,168.0,47.5,0.8,0.0,,,,18777075281_71,
2026-06-04,18777075281,30/15s - flat tyre on last rep of last set,29,RECOVERY,17.0,17.0,0.153,53.2,,138.0,149.2,151.0,59.4,0.9,2.0,,,,18777075281_29,
2026-06-04,18777075281,30/15s - flat tyre on last rep of last set,15,RECOVERY,16.0,16.0,0.159,23.0,,184.0,159.9,161.0,34.3,0.4,0.0,,,,18777075281_15,
2026-06-04,18777075281,30/15s - flat tyre on last rep of last set,37,RECOVERY,16.0,16.0,0.157,11.5,,58.0,158.3,161.0,54.5,0.2,0.0,,,,18777075281_37,
2026-06-04,18777075281,30/15s - flat tyre on last rep of last set,54,COOLDOWN,30.0,30.0,0.337,444.1,465.9,534.0,138.1,152.0,86.1,13.3,0.0,1.479,1.8,,18777075281_54,
2026-06-04,18777075281,30/15s - flat tyre on last rep of last set,32,COOLDOWN,31.0,31.0,0.378,440.9,518.0,651.0,153.7,159.0,89.8,13.7,0.0,1.644,2.3,,18777075281_32,
2026-06-04,18777075281,30/15s - flat tyre on last rep of last set,26,COOLDOWN,31.0,31.0,0.349,413.9,503.3,666.0,166.6,168.0,93.6,12.8,0.0,1.598,2.2,,18777075281_26,
2026-06-04,18777075281,30/15s - flat tyre on last rep of last set,78,COOLDOWN,8.0,8.0,0.068,400.3,,538.0,171.0,171.0,72.0,3.2,0.0,,,,18777075281_78,
2026-06-04,18777075281,30/15s - flat tyre on last rep of last set,19,RECOVERY,16.0,16.0,0.14,24.6,,268.0,162.5,164.0,42.1,0.4,0.0,,,,18777075281_19,
2026-06-04,18777075281,30/15s - flat tyre on last rep of last set,10,COOLDOWN,31.0,31.0,0.356,419.8,451.5,569.0,154.5,158.0,93.2,13.0,0.0,1.433,1.8,,18777075281_10,
2026-06-04,18777075281,30/15s - flat tyre on last rep of last set,45,RECOVERY,15.0,15.0,0.175,17.1,,105.0,166.1,167.0,47.2,0.3,0.0,,,,18777075281_45,
2026-06-04,18777075281,30/15s - flat tyre on last rep of last set,8,COOLDOWN,31.0,31.0,0.351,378.3,439.8,534.0,153.7,157.0,91.9,11.7,0.0,1.396,1.7,,18777075281_8,
2026-06-04,18777075281,30/15s - flat tyre on last rep of last set,14,COOLDOWN,31.0,31.0,0.35,402.0,449.0,548.0,158.7,161.0,92.0,12.5,0.0,1.425,1.7,,18777075281_14,
2026-06-04,18777075281,30/15s - flat tyre on last rep of last set,17,RECOVERY,16.0,16.0,0.171,27.1,,243.0,161.7,163.0,49.5,0.4,0.0,,,,18777075281_17,
2026-06-04,18777075281,30/15s - flat tyre on last rep of last set,72,COOLDOWN,30.0,30.0,0.325,426.7,442.0,545.0,165.0,167.0,85.4,12.8,0.0,1.403,1.6,,18777075281_72,
2026-06-04,18777075281,30/15s - flat tyre on last rep of last set,30,COOLDOWN,31.0,31.0,0.35,418.2,455.9,578.0,152.2,156.0,92.8,13.0,0.6,1.447,1.8,,18777075281_30,
2026-06-04,18777075281,30/15s - flat tyre on last rep of last set,9,RECOVERY,16.0,16.0,0.141,27.7,,199.0,155.6,157.0,45.9,0.4,0.0,,,,18777075281_9,
2026-06-04,18777075281,30/15s - flat tyre on last rep of last set,43,RECOVERY,17.0,17.0,0.171,32.8,,239.0,163.8,165.0,50.9,0.6,0.0,,,,18777075281_43,
2026-06-04,18777075281,30/15s - flat tyre on last rep of last set,25,RECOVERY,16.0,16.0,0.172,69.0,,315.0,167.1,168.0,54.1,1.1,0.0,,,,18777075281_25,
2026-06-04,18777075281,30/15s - flat tyre on last rep of last set,79,RECOVERY,15.0,15.0,0.081,0.9,,13.0,168.2,171.0,16.5,0.0,0.0,,,,18777075281_79,
2026-06-04,18777075281,30/15s - flat tyre on last rep of last set,20,COOLDOWN,31.0,31.0,0.357,440.4,491.5,621.0,163.3,166.0,93.5,13.7,0.0,1.56,2.1,,18777075281_20,
2026-06-04,18777075281,30/15s - flat tyre on last rep of last set,5,RECOVERY,15.0,15.0,0.139,18.5,,232.0,153.9,155.0,51.3,0.3,0.0,,,,18777075281_5,
2026-06-04,18777075281,30/15s - flat tyre on last rep of last set,33,RECOVERY,18.0,18.0,0.179,62.8,,181.0,157.1,159.0,60.5,1.1,0.0,,,,18777075281_33,
2026-06-04,18777075281,30/15s - flat tyre on last rep of last set,39,RECOVERY,15.0,15.0,0.159,29.8,,130.0,159.5,162.0,45.1,0.4,0.0,,,,18777075281_39,
2026-06-04,18777075281,30/15s - flat tyre on last rep of last set,7,RECOVERY,16.0,16.0,0.157,56.3,,407.0,154.6,157.0,43.4,0.9,0.0,,,,18777075281_7,
2026-06-04,18777075281,30/15s - flat tyre on last rep of last set,27,RECOVERY,878.0,878.0,6.077,94.4,102.9,405.0,124.6,167.0,78.8,82.9,9.0,0.327,2.6,,18777075281_27,
2026-06-04,18777075281,30/15s - flat tyre on last rep of last set,23,RECOVERY,17.0,17.0,0.159,38.1,,220.0,169.2,171.0,57.2,0.6,0.0,,,,18777075281_23,
2026-06-04,18777075281,30/15s - flat tyre on last rep of last set,28,COOLDOWN,32.0,32.0,0.339,410.0,476.0,595.0,137.7,150.0,92.7,13.1,0.0,1.511,2.0,,18777075281_28,
2026-06-04,18777075281,30/15s - flat tyre on last rep of last set,4,COOLDOWN,30.0,30.0,0.355,410.1,467.5,670.0,148.5,155.0,92.6,12.3,0.0,1.484,1.8,,18777075281_4,
2026-06-04,18777075281,30/15s - flat tyre on last rep of last set,35,RECOVERY,16.0,16.0,0.169,9.2,,133.0,157.3,159.0,38.9,0.1,0.0,,,,18777075281_35,
2026-06-04,18777075281,30/15s - flat tyre on last rep of last set,34,COOLDOWN,32.0,32.0,0.379,431.7,489.5,595.0,155.6,159.0,88.9,13.8,2.2,1.554,2.1,,18777075281_34,
2026-06-04,18777075281,30/15s - flat tyre on last rep of last set,44,COOLDOWN,31.0,31.0,0.346,424.4,492.9,587.0,163.1,167.0,89.7,13.2,0.0,1.565,2.1,,18777075281_44,
2026-06-04,18777075281,30/15s - flat tyre on last rep of last set,77,RECOVERY,16.0,16.0,0.16,47.9,,341.0,171.9,174.0,46.5,0.8,0.0,,,,18777075281_77,
2026-06-04,18777075281,30/15s - flat tyre on last rep of last set,24,COOLDOWN,31.0,31.0,0.361,414.2,456.4,561.0,166.4,168.0,91.0,12.8,0.0,1.449,1.8,,18777075281_24,
2026-06-04,18777075281,30/15s - flat tyre on last rep of last set,47,RECOVERY,18.0,18.0,0.152,66.4,,323.0,163.7,165.0,33.4,1.2,0.0,,,,18777075281_47,
2026-06-04,18777075281,30/15s - flat tyre on last rep of last set,51,RECOVERY,15.0,15.0,0.149,54.9,,165.0,167.8,169.0,60.3,0.8,0.0,,,,18777075281_51,
2026-06-04,18777075281,30/15s - flat tyre on last rep of last set,49,RECOVERY,16.0,16.0,0.146,57.6,,133.0,166.3,168.0,60.3,0.9,0.0,,,,18777075281_49,
2026-06-04,18777075281,30/15s - flat tyre on last rep of last set,58,COOLDOWN,31.0,31.0,0.38,413.7,475.7,575.0,156.8,161.0,92.3,12.8,0.0,1.51,2.0,,18777075281_58,
2026-06-04,18777075281,30/15s - flat tyre on last rep of last set,59,RECOVERY,16.0,16.0,0.166,81.7,,360.0,158.3,161.0,56.4,1.3,0.0,,,,18777075281_59,
2026-06-04,18777075281,30/15s - flat tyre on last rep of last set,41,RECOVERY,18.0,18.0,0.18,1.9,,48.0,162.9,164.0,42.0,0.0,2.4,,,,18777075281_41,
2026-06-04,18777075281,30/15s - flat tyre on last rep of last set,1,RECOVERY,1845.0,1806.0,14.832,154.2,173.0,435.0,123.6,154.0,84.6,278.5,25.2,0.549,15.1,,18777075281_1,
2026-06-04,18777075281,30/15s - flat tyre on last rep of last set,11,RECOVERY,16.0,16.0,0.17,49.2,,446.0,157.3,159.0,45.2,0.8,0.0,,,,18777075281_11,
2026-06-04,18777075281,30/15s - flat tyre on last rep of last set,40,COOLDOWN,31.0,31.0,0.338,430.2,477.7,567.0,159.7,164.0,85.3,13.3,0.0,1.517,2.0,,18777075281_40,
2026-06-04,18777075281,30/15s - flat tyre on last rep of last set,64,COOLDOWN,31.0,31.0,0.397,473.1,480.5,580.0,163.0,167.0,94.5,14.7,0.0,1.525,2.0,,18777075281_64,
2026-06-04,18777075281,30/15s - flat tyre on last rep of last set,3,RECOVERY,16.0,16.0,0.179,0.1,,1.0,146.3,148.0,26.8,0.0,0.0,,,,18777075281_3,
2026-06-04,18777075281,30/15s - flat tyre on last rep of last set,22,COOLDOWN,31.0,31.0,0.336,419.7,467.6,576.0,166.7,170.0,95.7,13.0,0.0,1.484,1.9,,18777075281_22,
2026-06-04,18777075281,30/15s - flat tyre on last rep of last set,36,COOLDOWN,31.0,31.0,0.361,409.5,474.7,596.0,157.8,161.0,87.2,12.7,0.0,1.507,2.0,,18777075281_36,
2026-06-04,18777075281,30/15s - flat tyre on last rep of last set,53,RECOVERY,1183.0,1027.0,7.61,116.8,132.4,405.0,124.8,170.0,72.8,120.0,12.4,0.42,5.0,,18777075281_53,
2026-06-04,18777075281,30/15s - flat tyre on last rep of last set,57,RECOVERY,16.0,16.0,0.169,75.1,,184.0,157.5,159.0,61.8,1.2,0.0,,,,18777075281_57,
2026-06-04,18777075281,30/15s - flat tyre on last rep of last set,12,COOLDOWN,32.0,32.0,0.351,385.4,463.1,572.0,157.8,161.0,92.1,12.3,0.0,1.47,1.9,,18777075281_12,
2026-06-04,18777075281,30/15s - flat tyre on last rep of last set,6,COOLDOWN,31.0,31.0,0.364,406.2,468.8,605.0,153.0,157.0,91.8,12.6,0.0,1.488,1.9,,18777075281_6,
2026-06-04,18777075281,30/15s - flat tyre on last rep of last set,42,COOLDOWN,32.0,32.0,0.371,446.4,485.1,612.0,163.4,165.0,89.5,14.3,0.0,1.54,2.1,,18777075281_42,
2026-06-04,18777075281,30/15s - flat tyre on last rep of last set,46,COOLDOWN,32.0,32.0,0.373,420.0,388.6,639.0,163.9,166.0,84.5,13.4,0.0,1.234,1.4,,18777075281_46,
2026-06-04,18777075281,30/15s - flat tyre on last rep of last set,55,RECOVERY,16.0,16.0,0.158,149.9,,261.0,153.3,154.0,66.3,2.4,2.0,,,,18777075281_55,
2026-06-04,18777075281,30/15s - flat tyre on last rep of last set,16,COOLDOWN,32.0,32.0,0.359,410.0,455.7,547.0,159.9,163.0,91.7,13.1,0.0,1.447,1.9,,18777075281_16,
2026-06-04,18777075281,30/15s - flat tyre on last rep of last set,50,COOLDOWN,31.0,31.0,0.361,434.8,456.8,547.0,166.5,169.0,87.0,13.5,2.2,1.45,1.8,,18777075281_50,
2026-06-04,18777075281,30/15s - flat tyre on last rep of last set,75,RECOVERY,16.0,16.0,0.157,140.8,,431.0,171.4,173.0,67.5,2.3,0.0,,,,18777075281_75,
2026-06-04,18777075281,30/15s - flat tyre on last rep of last set,62,COOLDOWN,30.0,30.0,0.364,445.1,484.9,574.0,160.5,164.0,91.1,13.4,0.0,1.539,2.0,,18777075281_62,
2026-06-04,18777075281,30/15s - flat tyre on last rep of last set,66,COOLDOWN,31.0,31.0,0.354,395.1,430.9,499.0,166.9,168.0,88.2,12.2,0.4,1.368,1.6,,18777075281_66,
2026-06-04,18777075281,30/15s - flat tyre on last rep of last set,61,RECOVERY,17.0,17.0,0.186,76.8,,263.0,161.4,164.0,58.2,1.3,0.0,,,,18777075281_61,
2026-06-04,18777075281,30/15s - flat tyre on last rep of last set,69,RECOVERY,16.0,16.0,0.178,97.8,,217.0,167.9,168.0,67.6,1.6,0.0,,,,18777075281_69,
2026-06-04,18777075281,30/15s - flat tyre on last rep of last set,13,RECOVERY,16.0,16.0,0.145,63.2,,221.0,160.1,161.0,57.4,1.0,0.0,,,,18777075281_13,
2026-06-04,18777075281,30/15s - flat tyre on last rep of last set,67,RECOVERY,18.0,18.0,0.188,8.7,,147.0,166.6,168.0,46.6,0.2,0.0,,,,18777075281_67,
2026-06-04,18777075281,30/15s - flat tyre on last rep of last set,31,RECOVERY,16.0,16.0,0.165,22.1,,184.0,153.6,155.0,58.8,0.4,0.0,,,,18777075281_31,
2026-06-04,18777075281,30/15s - flat tyre on last rep of last set,56,COOLDOWN,32.0,32.0,0.406,412.3,458.8,533.0,155.6,159.0,95.4,13.2,0.6,1.457,1.9,,18777075281_56,
2026-06-04,18777075281,30/15s - flat tyre on last rep of last set,38,COOLDOWN,31.0,31.0,0.362,441.2,462.0,528.0,158.2,161.0,87.6,13.7,0.0,1.467,1.9,,18777075281_38,
2026-06-04,18777075281,30/15s - flat tyre on last rep of last set,48,COOLDOWN,33.0,33.0,0.346,390.2,458.3,521.0,164.6,168.0,83.7,12.9,0.0,1.455,1.9,,18777075281_48,
2026-06-04,18777075281,30/15s - flat tyre on last rep of last set,68,COOLDOWN,31.0,31.0,0.38,445.0,534.4,694.0,165.7,168.0,92.6,13.8,0.0,1.697,2.5,,18777075281_68,
2026-06-04,18777075281,30/15s - flat tyre on last rep of last set,74,COOLDOWN,31.0,31.0,0.34,418.5,474.7,559.0,169.2,173.0,96.5,13.0,0.0,1.507,2.0,,18777075281_74,
2026-06-04,18777075281,30/15s - flat tyre on last rep of last set,60,COOLDOWN,32.0,32.0,0.381,423.4,470.0,601.0,159.2,163.0,92.2,13.5,0.2,1.492,2.0,,18777075281_60,
2026-06-04,18777075281,30/15s - flat tyre on last rep of last set,70,COOLDOWN,30.0,30.0,0.361,425.7,489.0,577.0,167.4,168.0,90.8,12.8,0.0,1.552,2.0,,18777075281_70,
2026-06-04,18777075281,30/15s - flat tyre on last rep of last set,65,RECOVERY,16.0,16.0,0.183,128.5,,217.0,166.3,167.0,70.8,2.1,0.0,,,,18777075281_65,
2026-06-04,18777075281,30/15s - flat tyre on last rep of last set,73,RECOVERY,16.0,16.0,0.1,142.1,,295.0,166.1,167.0,45.2,2.3,0.0,,,,18777075281_73,
2026-06-06,18804537869,Back to the Quantum Saturday Race Sims 🥵,1,COOLDOWN,2657.0,2226.0,22.02,236.8,297.3,1060.0,156.0,188.0,85.2,527.1,241.0,0.944,55.1,,18804537869_1,
2026-06-06,18804537869,Back to the Quantum Saturday Race Sims 🥵,2,RECOVERY,21942.0,14759.0,135.856,170.7,226.1,1083.0,143.7,191.0,80.3,2519.4,612.0,0.718,211.2,,18804537869_2,
2026-06-07,18817805509,Sunday Plod,1,RECOVERY,10771.0,8881.0,77.67,176.1,197.8,538.0,128.5,152.0,85.1,1563.9,330.8,0.628,97.3,,18817805509_1,
2026-06-07,18817805509,Sunday Plod,2,RECOVERY,481.0,481.0,4.656,182.7,189.1,291.0,136.4,149.0,91.6,87.9,5.0,0.6,4.8,,18817805509_2,
2026-06-07,18817805509,Sunday Plod,3,RECOVERY,455.0,423.0,3.848,139.6,160.4,366.0,128.5,144.0,75.5,59.1,6.2,0.509,3.0,,18817805509_3,
2026-06-09,18843396030,Attempt at floats - difficult with all the gradient changes 🤦‍♂️,12,COOLDOWN,31.0,31.0,0.152,425.0,400.3,466.0,167.2,169.0,78.6,13.2,10.6,1.271,1.4,,18843396030_12,
2026-06-09,18843396030,Attempt at floats - difficult with all the gradient changes 🤦‍♂️,25,RECOVERY,101.0,101.0,0.87,20.2,22.9,537.0,116.4,130.0,42.5,2.0,0.0,0.073,0.0,,18843396030_25,
2026-06-09,18843396030,Attempt at floats - difficult with all the gradient changes 🤦‍♂️,16,RECOVERY,61.0,61.0,0.539,0.0,0.0,0.0,138.3,154.0,75.0,0.0,0.0,,,,18843396030_16,
2026-06-09,18843396030,Attempt at floats - difficult with all the gradient changes 🤦‍♂️,24,RECOVERY,60.0,60.0,0.554,0.0,0.1,1.0,152.1,171.0,34.8,0.0,0.4,0.0,0.0,,18843396030_24,
2026-06-09,18843396030,Attempt at floats - difficult with all the gradient changes 🤦‍♂️,13,COOLDOWN,61.0,61.0,0.408,297.6,285.3,407.0,169.9,171.0,81.7,18.2,13.2,0.906,1.4,,18843396030_13,
2026-06-09,18843396030,Attempt at floats - difficult with all the gradient changes 🤦‍♂️,8,RECOVERY,62.0,62.0,0.571,0.0,0.0,0.0,158.6,171.0,92.0,0.0,0.0,,,,18843396030_8,
2026-06-09,18843396030,Attempt at floats - difficult with all the gradient changes 🤦‍♂️,14,COOLDOWN,31.0,31.0,0.199,369.7,360.8,450.0,172.8,174.0,76.4,11.5,7.6,1.145,1.1,,18843396030_14,
2026-06-09,18843396030,Attempt at floats - difficult with all the gradient changes 🤦‍♂️,15,COOLDOWN,159.0,79.0,0.322,263.1,263.2,393.0,151.4,174.0,67.4,20.8,18.8,0.836,1.5,,18843396030_15,
2026-06-09,18843396030,Attempt at floats - difficult with all the gradient changes 🤦‍♂️,6,COOLDOWN,31.0,31.0,0.218,432.4,390.7,574.0,170.3,173.0,83.5,13.4,9.4,1.24,1.3,,18843396030_6,
2026-06-09,18843396030,Attempt at floats - difficult with all the gradient changes 🤦‍♂️,18,COOLDOWN,30.0,30.0,0.192,415.9,480.8,572.0,138.1,150.0,79.8,12.5,9.8,1.526,1.9,,18843396030_18,
2026-06-09,18843396030,Attempt at floats - difficult with all the gradient changes 🤦‍♂️,26,COOLDOWN,30.0,30.0,0.19,418.2,452.5,537.0,135.3,146.0,82.8,12.5,9.2,1.437,1.7,,18843396030_26,
2026-06-09,18843396030,Attempt at floats - difficult with all the gradient changes 🤦‍♂️,33,RECOVERY,2398.0,2023.0,16.467,136.2,161.0,473.0,127.9,145.0,80.1,275.5,42.4,0.511,14.7,,18843396030_33,
2026-06-09,18843396030,Attempt at floats - difficult with all the gradient changes 🤦‍♂️,2,COOLDOWN,31.0,31.0,0.19,449.5,468.2,547.0,137.1,151.0,82.4,13.9,10.4,1.486,1.9,,18843396030_2,
2026-06-09,18843396030,Attempt at floats - difficult with all the gradient changes 🤦‍♂️,7,COOLDOWN,57.0,57.0,0.269,316.2,307.3,437.0,171.8,173.0,77.4,18.0,16.6,0.976,1.5,,18843396030_7,
2026-06-09,18843396030,Attempt at floats - difficult with all the gradient changes 🤦‍♂️,4,COOLDOWN,31.0,31.0,0.173,457.0,476.6,503.0,165.3,168.0,91.1,14.2,11.6,1.513,2.0,,18843396030_4,
2026-06-09,18843396030,Attempt at floats - difficult with all the gradient changes 🤦‍♂️,11,COOLDOWN,61.0,61.0,0.324,325.0,318.4,378.0,161.1,166.0,86.9,19.8,17.8,1.011,1.7,,18843396030_11,
2026-06-09,18843396030,Attempt at floats - difficult with all the gradient changes 🤦‍♂️,3,COOLDOWN,61.0,61.0,0.334,335.0,327.5,431.0,157.7,162.0,80.6,20.4,19.4,1.04,1.8,,18843396030_3,
2026-06-09,18843396030,Attempt at floats - difficult with all the gradient changes 🤦‍♂️,5,COOLDOWN,60.0,60.0,0.416,306.9,299.0,383.0,168.4,170.0,83.7,18.4,13.2,0.949,1.5,,18843396030_5,
2026-06-09,18843396030,Attempt at floats - difficult with all the gradient changes 🤦‍♂️,28,COOLDOWN,32.0,32.0,0.146,409.5,386.5,481.0,166.2,169.0,73.6,13.1,10.2,1.227,1.3,,18843396030_28,
2026-06-09,18843396030,Attempt at floats - difficult with all the gradient changes 🤦‍♂️,20,COOLDOWN,31.0,31.0,0.15,420.9,400.8,474.0,166.5,168.0,74.6,13.0,11.2,1.272,1.4,,18843396030_20,
2026-06-09,18843396030,Attempt at floats - difficult with all the gradient changes 🤦‍♂️,19,COOLDOWN,60.0,60.0,0.316,313.6,314.3,349.0,158.0,165.0,79.4,18.8,16.8,0.998,1.7,,18843396030_19,
2026-06-09,18843396030,Attempt at floats - difficult with all the gradient changes 🤦‍♂️,21,COOLDOWN,60.0,60.0,0.401,299.6,292.0,431.0,169.3,171.0,82.6,18.0,13.2,0.927,1.4,,18843396030_21,
2026-06-09,18843396030,Attempt at floats - difficult with all the gradient changes 🤦‍♂️,22,COOLDOWN,31.0,31.0,0.184,365.8,380.2,435.0,170.5,172.0,71.2,11.3,8.4,1.207,1.3,,18843396030_22,
2026-06-09,18843396030,Attempt at floats - difficult with all the gradient changes 🤦‍♂️,27,COOLDOWN,59.0,59.0,0.316,314.1,313.2,350.0,157.7,164.0,81.8,18.5,17.0,0.994,1.6,,18843396030_27,
2026-06-09,18843396030,Attempt at floats - difficult with all the gradient changes 🤦‍♂️,17,RECOVERY,108.0,108.0,0.91,25.2,30.8,636.0,110.6,119.0,25.0,2.7,0.0,0.098,0.0,,18843396030_17,
2026-06-09,18843396030,Attempt at floats - difficult with all the gradient changes 🤦‍♂️,30,COOLDOWN,32.0,32.0,0.189,384.8,344.1,510.0,170.0,172.0,76.7,12.3,7.8,1.092,1.1,,18843396030_30,
2026-06-09,18843396030,Attempt at floats - difficult with all the gradient changes 🤦‍♂️,23,COOLDOWN,85.0,85.0,0.373,289.4,277.7,372.0,171.2,173.0,66.8,24.6,21.4,0.882,1.8,,18843396030_23,
2026-06-09,18843396030,Attempt at floats - difficult with all the gradient changes 🤦‍♂️,31,COOLDOWN,76.0,76.0,0.369,306.9,303.3,426.0,172.7,174.0,76.5,23.3,21.0,0.963,2.0,,18843396030_31,
2026-06-09,18843396030,Attempt at floats - difficult with all the gradient changes 🤦‍♂️,32,RECOVERY,61.0,61.0,0.562,0.0,0.0,0.0,160.1,173.0,0.0,0.0,0.0,,,,18843396030_32,
2026-06-09,18843396030,Attempt at floats - difficult with all the gradient changes 🤦‍♂️,29,COOLDOWN,61.0,61.0,0.401,277.5,288.6,368.0,170.9,172.0,81.0,16.9,13.0,0.916,1.4,,18843396030_29,
2026-06-09,18843396030,Attempt at floats - difficult with all the gradient changes 🤦‍♂️,9,RECOVERY,102.0,102.0,0.88,23.3,27.3,508.0,117.9,139.0,37.5,2.4,0.0,0.087,0.0,,18843396030_9,
2026-06-09,18843396030,Attempt at floats - difficult with all the gradient changes 🤦‍♂️,10,COOLDOWN,31.0,31.0,0.21,455.5,484.6,552.0,138.3,149.0,89.0,14.1,10.6,1.538,2.0,,18843396030_10,
2026-06-09,18843396030,Attempt at floats - difficult with all the gradient changes 🤦‍♂️,1,RECOVERY,1476.0,1381.0,8.874,145.7,182.3,521.0,122.2,150.0,77.0,201.2,95.6,0.579,12.8,,18843396030_1,
2026-06-10,18857425086,Plod before the meetings start 😓,1,RECOVERY,3988.0,3929.0,33.215,169.8,188.5,517.0,128.7,153.0,81.1,667.1,81.0,0.598,39.1,,18857425086_1,
2026-06-11,23205978369,Singapore Road Cycling,0,WARMUP,6460.134,6452.0,56.879,181.0,192.7,560.0,125.0,144.0,86.0,1167.8,103.0,0.612,67.1,,23205978369_0,
2026-06-12,23217234991,Singapore Road Cycling,0,WARMUP,4533.317,4516.0,39.447,163.0,184.0,523.0,120.0,148.0,80.0,736.1,74.0,0.584,42.8,,23217234991_0,
2026-06-13,23229258480,Singapore Road Cycling,6,COOLDOWN,599.474,599.474,7.038,265.0,328.5,778.0,170.0,180.0,84.0,158.9,30.0,1.043,18.1,,23229258480_6,
2026-06-13,23229258480,Singapore Road Cycling,0,WARMUP,945.607,945.0,8.531,182.0,225.1,655.0,128.0,161.0,79.0,172.0,52.0,0.715,13.4,,23229258480_0,
2026-06-13,23229258480,Singapore Road Cycling,1,COOLDOWN,2187.381,2187.0,23.186,253.0,311.9,935.0,164.0,186.0,89.0,553.3,274.0,0.99,59.6,,23229258480_1,
2026-06-13,23229258480,Singapore Road Cycling,7,RECOVERY,6398.007,6371.0,53.596,146.0,178.3,461.0,127.0,156.0,77.0,930.2,179.0,0.566,56.7,,23229258480_7,
2026-06-13,23229258480,Singapore Road Cycling,3,INTERVAL,180.189,180.0,1.901,394.0,401.7,834.0,169.0,181.0,101.0,70.9,38.0,1.275,8.1,,23229258480_3,
2026-06-13,23229258480,Singapore Road Cycling,4,RECOVERY,2716.605,2698.0,24.157,129.0,183.0,535.0,129.0,181.0,77.0,348.0,191.0,0.581,25.3,,23229258480_4,
2026-06-13,23229258480,Singapore Road Cycling,5,COOLDOWN,1309.964,1309.964,15.729,256.0,270.5,769.0,155.0,167.0,90.0,335.4,77.0,0.859,26.8,,23229258480_5,
2026-06-13,23229258480,Singapore Road Cycling,2,RECOVERY,1466.272,1453.0,10.938,116.0,170.9,513.0,135.0,184.0,77.0,168.5,87.0,0.543,11.9,,23229258480_2,
2026-06-14,23240987039,Singapore Road Cycling,1,COOLDOWN,584.187,584.187,6.158,279.0,284.0,477.0,150.0,162.0,93.0,163.0,7.0,0.902,13.2,,23240987039_1,
2026-06-14,23240987039,Singapore Road Cycling,6,RECOVERY,1945.628,1932.0,14.963,120.0,149.4,593.0,125.0,173.0,76.0,231.8,41.0,0.474,12.1,,23240987039_6,
2026-06-14,23240987039,Singapore Road Cycling,4,RECOVERY,642.296,640.0,5.243,126.0,145.0,459.0,128.0,170.0,81.0,80.6,9.0,0.46,3.8,,23240987039_4,
2026-06-14,23240987039,Singapore Road Cycling,5,INTERVAL,901.852,901.852,9.749,284.0,290.1,564.0,164.0,175.0,94.0,256.1,16.0,0.921,21.2,,23240987039_5,
2026-06-14,23240987039,Singapore Road Cycling,3,INTERVAL,901.161,901.0,9.722,288.0,291.9,538.0,161.0,171.0,95.0,259.5,13.0,0.927,21.5,,23240987039_3,
2026-06-14,23240987039,Singapore Road Cycling,2,RECOVERY,784.329,781.0,5.897,114.0,140.3,373.0,120.0,160.0,77.0,89.0,13.0,0.445,4.3,,23240987039_2,
2026-06-14,23240987039,Singapore Road Cycling,0,WARMUP,7037.323,7026.0,60.737,166.0,178.8,507.0,120.0,145.0,87.0,1166.3,99.0,0.568,62.9,,23240987039_0,
2026-06-16,23263204353,Singapore Road Cycling,5,INTERVAL,185.595,185.595,0.985,375.0,373.4,525.0,170.0,176.0,75.0,69.6,56.0,1.185,7.2,,23263204353_5,
2026-06-16,23263204353,Singapore Road Cycling,15,RECOVERY,61.513,61.0,0.577,0.0,0.0,0.0,166.0,178.0,39.0,0.0,3.0,,,,23263204353_15,
2026-06-16,23263204353,Singapore Road Cycling,0,WARMUP,1575.67,1561.0,10.834,153.0,185.9,591.0,120.0,148.0,82.0,238.8,94.0,0.59,15.1,,23263204353_0,
2026-06-16,23263204353,Singapore Road Cycling,1,INTERVAL,270.516,270.0,1.592,378.0,378.9,532.0,159.0,173.0,78.0,102.1,80.0,1.203,10.9,,23263204353_1,32.0
2026-06-16,23263204353,Singapore Road Cycling,6,RECOVERY,73.379,73.0,0.645,0.0,0.0,0.0,159.0,175.0,77.0,0.0,4.0,,,,23263204353_6,
2026-06-16,23263204353,Singapore Road Cycling,3,RECOVERY,350.786,350.786,2.792,99.0,138.7,297.0,122.0,137.0,78.0,34.7,7.0,0.44,1.9,,23263204353_3,
2026-06-16,23263204353,Singapore Road Cycling,4,COOLDOWN,85.289,85.0,0.612,377.0,380.8,494.0,146.0,161.0,85.0,32.0,22.0,1.209,3.5,,23263204353_4,
2026-06-16,23263204353,Singapore Road Cycling,2,RECOVERY,62.875,62.875,0.56,4.0,87.6,242.0,160.0,173.0,76.0,0.3,2.0,0.278,0.1,,23263204353_2,
2026-06-16,23263204353,Singapore Road Cycling,11,INTERVAL,262.83,262.0,1.587,388.0,392.8,597.0,168.0,178.0,82.0,101.7,81.0,1.247,11.3,,23263204353_11,30.0
2026-06-16,23263204353,Singapore Road Cycling,9,RECOVERY,61.823,61.823,0.581,0.0,0.0,0.0,164.0,177.0,71.0,0.0,2.0,,,,23263204353_9,
2026-06-16,23263204353,Singapore Road Cycling,10,RECOVERY,360.386,359.0,2.769,93.0,128.1,535.0,124.0,145.0,70.0,33.4,7.0,0.407,1.6,,23263204353_10,
2026-06-16,23263204353,Singapore Road Cycling,14,INTERVAL,267.076,267.0,1.592,382.0,378.0,596.0,166.0,179.0,77.0,102.0,80.0,1.2,10.7,,23263204353_14,31.0
2026-06-16,23263204353,Singapore Road Cycling,12,RECOVERY,68.213,68.213,0.627,5.0,121.4,343.0,161.0,177.0,31.0,0.3,1.0,0.385,0.3,,23263204353_12,
2026-06-16,23263204353,Singapore Road Cycling,13,RECOVERY,360.94,357.0,2.704,91.0,124.2,297.0,124.0,142.0,76.0,32.5,7.0,0.394,1.5,,23263204353_13,
2026-06-16,23263204353,Singapore Road Cycling,8,INTERVAL,267.496,267.0,1.588,377.0,378.7,484.0,165.0,177.0,80.0,100.7,81.0,1.202,10.7,,23263204353_8,29.0
2026-06-16,23263204353,Singapore Road Cycling,16,RECOVERY,823.19,809.0,6.211,121.0,155.3,584.0,132.0,151.0,70.0,97.9,12.0,0.493,5.5,,23263204353_16,
2026-06-16,23263204353,Singapore Road Cycling,7,RECOVERY,371.789,369.0,2.692,91.0,130.0,366.0,121.0,135.0,74.0,33.6,7.0,0.413,1.7,,23263204353_7,
2026-06-17,23276288441,Singapore Road Cycling,0,WARMUP,8815.859,8802.0,76.078,162.0,176.5,629.0,119.0,141.0,84.0,1425.9,123.0,0.56,76.8,,23276288441_0,
